-0.001702434,-0.021074324,0.755056534,0.000300475,-0.003154866,0.709440654,0.704758054,0.038109020,0.081099150,0.001874372,0.137343432,-0.164138407,-0.117410508,0.022641018,-0.072962049,-0.121099661,0.155809155,-0.198522546,0.101926879,-0.046407313,0.010172474,0.102164885,-0.032014376,0.300504403,-0.712888076,1.064607909,-0.091489025,0.041362687,0.172023281,-0.017278643,-0.264066047,0.549020020,1.054780309,0.010980742,-0.004534355,-0.091754804
-0.001771598,-0.020781429,0.755082626,-0.000052988,-0.003117092,0.709214331,0.704986038,0.038106543,0.081665469,0.002433404,0.137269622,-0.164271768,-0.117611286,0.022979405,-0.072303867,-0.120664280,0.154212004,-0.197266956,0.102176053,-0.046715970,0.010486568,0.101811717,-0.031067499,0.300936965,-0.712362906,1.062986672,-0.091865248,0.039323067,0.173603799,-0.016278938,-0.264393174,0.548514939,1.055850894,0.010892121,-0.006062975,-0.090293701
-0.001829266,-0.020417466,0.755073547,-0.000391119,-0.002775545,0.709167358,0.705034610,0.037662174,0.081609798,0.002681699,0.137187934,-0.164620153,-0.117302637,0.022776590,-0.072300587,-0.120519092,0.153428212,-0.197148413,0.102126039,-0.047488332,0.010665192,0.100974493,-0.030192491,0.301126682,-0.711262947,1.060542513,-0.090322744,0.040529071,0.172437273,-0.015546971,-0.264693877,0.546160612,1.056939333,0.010400080,-0.006685180,-0.088556750
-0.001826255,-0.020153217,0.755061417,-0.000374188,-0.002937516,0.709029262,0.705172842,0.038387157,0.081880848,0.002837775,0.137249718,-0.165357310,-0.117306379,0.023572771,-0.071986835,-0.120351353,0.153017361,-0.197308861,0.102437685,-0.047592024,0.010915410,0.101849910,-0.030336048,0.301151920,-0.710821815,1.058262328,-0.091645656,0.041217783,0.172821961,-0.015304225,-0.265002015,0.545107515,1.056725478,0.008019751,-0.006104344,-0.089768130
-0.001837863,-0.019906651,0.755034714,-0.001285145,-0.002478438,0.708902746,0.705300718,0.037261331,0.082708279,0.003517885,0.135763742,-0.163752882,-0.119371096,0.021447398,-0.071167329,-0.119787121,0.153197479,-0.196528228,0.101150637,-0.048128730,0.011730519,0.100742382,-0.030413680,0.301087203,-0.711498165,1.055645032,-0.091922320,0.041950079,0.174540797,-0.015827769,-0.265485610,0.546039137,1.057449057,0.009155948,-0.006786478,-0.089667285
-0.001842979,-0.019356856,0.755169678,-0.001610652,-0.001780336,0.709097521,0.705106334,0.035869274,0.081987156,0.003187217,0.136641120,-0.164221258,-0.117124660,0.022245159,-0.071660165,-0.116916776,0.149145540,-0.194364752,0.103130057,-0.049329707,0.011185337,0.098584853,-0.030116662,0.300976095,-0.713187679,1.055127908,-0.093197074,0.040946524,0.175052213,-0.015185901,-0.265922554,0.546782682,1.057350481,0.008597591,-0.006434289,-0.089185539
-0.001827228,-0.018989261,0.755176773,-0.002255050,-0.001269929,0.709030529,0.705173036,0.034591616,0.082288358,0.003478121,0.136622541,-0.164321737,-0.116743293,0.021791075,-0.071347184,-0.117302891,0.147226080,-0.193375098,0.103345064,-0.049593065,0.011497124,0.096679414,-0.029924229,0.300701904,-0.714292961,1.054645150,-0.091433145,0.040178216,0.174416285,-0.014159580,-0.266359933,0.545832699,1.056633796,0.006397706,-0.006762842,-0.088137282
-0.001780200,-0.018764967,0.755160370,-0.002439303,-0.001146659,0.708848918,0.705355192,0.034747844,0.082485823,0.003745365,0.136191986,-0.164614079,-0.117010444,0.021549552,-0.071091920,-0.116669841,0.147116281,-0.193517011,0.103700064,-0.049909680,0.011660065,0.096443334,-0.029606156,0.300461293,-0.713939095,1.053416159,-0.091823423,0.039478463,0.175674440,-0.013773161,-0.266573719,0.545015955,1.055334381,0.006791394,-0.007547403,-0.088928917
-0.001727211,-0.018608971,0.755125427,-0.002598320,-0.000931077,0.708681906,0.705522741,0.034788674,0.082579608,0.004213893,0.135644249,-0.164741000,-0.117391275,0.020523370,-0.071077165,-0.119966194,0.149144109,-0.195123115,0.102689843,-0.049724727,0.011460579,0.096368489,-0.029628535,0.300123799,-0.713725101,1.052520020,-0.091488496,0.038967240,0.176042583,-0.012769538,-0.266827507,0.545092488,1.054201662,0.009165481,-0.008279476,-0.089485544
-0.001696305,-0.018328528,0.755026093,-0.002736007,-0.000695158,0.708697304,0.705507025,0.035135660,0.082399699,0.004145259,0.134603265,-0.165069942,-0.117967633,0.020224725,-0.071291708,-0.120064507,0.149538554,-0.196421256,0.103503802,-0.049980784,0.011609198,0.095969414,-0.030041749,0.299862959,-0.718722258,1.051776946,-0.087012313,0.039902360,0.172497173,-0.012553525,-0.267103880,0.551244110,1.060519998,0.017917730,-0.009620820,-0.092037416
-0.001620865,-0.018119421,0.754847336,-0.002808234,-0.000186259,0.708724498,0.705479741,0.035104374,0.081770019,0.003910248,0.133694804,-0.166824975,-0.117497386,0.018084922,-0.072267435,-0.120221068,0.153386184,-0.200777162,0.103990522,-0.049909371,0.012006418,0.096578265,-0.034340674,0.300215952,-0.737085495,1.056070875,-0.092166305,0.035197020,0.170490481,-0.016557423,-0.266858923,0.563118266,1.094293167,0.051145223,-0.026499353,-0.086849462
-0.001593530,-0.018208990,0.754474869,-0.003662915,0.002996595,0.708970439,0.705222320,0.030519855,0.077847420,0.003692554,0.129765823,-0.168619191,-0.114421272,0.006186372,-0.077437798,-0.120707036,0.165777254,-0.211947496,0.107834958,-0.046887886,0.010018895,0.097543286,-0.073250778,0.304465061,-0.817260947,1.110454148,-0.134041241,0.012203739,0.123637211,-0.045178851,-0.264578441,0.603703332,1.190361325,0.082125473,-0.047481962,-0.045407713
-0.001868050,-0.018720897,0.753724670,-0.004955655,0.007196907,0.708870717,0.705284306,0.025663803,0.072576267,0.005208522,0.120980625,-0.169912672,-0.114627996,-0.008889721,-0.084713901,-0.124285071,0.179520169,-0.226570842,0.119964037,-0.037642773,0.006747539,0.112519509,-0.203230650,0.311793245,-0.949488173,1.274647219,-0.231294767,0.004897910,-0.114083953,-0.153575814,-0.262321486,0.701073226,1.385924350,0.018672569,-0.005126364,0.183287008
-0.002113570,-0.019881506,0.752779541,-0.001331927,0.006683801,0.710445761,0.703718959,0.030508139,0.066399114,0.002719808,0.120838464,-0.175100192,-0.115680894,-0.010126751,-0.093833334,-0.133755410,0.198408907,-0.246224087,0.128442846,-0.033656873,-0.000987276,0.141572731,-0.411450428,0.318475883,-0.972271317,1.430001140,-0.210539050,0.123418323,-0.255525924,-0.345806465,-0.265184332,0.740358581,1.491097786,-0.254147987,0.174306608,0.595737684
-0.002260597,-0.020118368,0.751727829,0.003786304,-0.000207128,0.713099597,0.701052485,0.029729752,0.068358316,-0.006096324,0.159286340,-0.195290597,-0.120574268,0.003078197,-0.093648495,-0.139633566,0.215533676,-0.256761722,0.129035572,-0.033068457,0.002808456,0.155739045,-0.656573265,0.360967547,-0.934491693,1.390465592,-0.215178772,0.121780706,-0.131063903,-0.566198597,-0.311276226,0.685261817,1.437102972,-0.187147641,0.158629188,0.430577160
-0.002716835,-0.018310238,0.751582184,0.007629765,-0.004895773,0.713864620,0.700225051,0.029946408,0.068825506,-0.010652789,0.191296909,-0.203604962,-0.120926743,0.012461038,-0.094072269,-0.138505375,0.230322427,-0.256804657,0.129056085,-0.028734886,0.006980331,0.157286786,-0.941440896,0.439167042,-0.817195706,1.271105317,-0.358359415,0.095856755,0.004073967,-0.801212347,-0.396071407,0.561730118,1.239776587,0.154685451,0.001361476,0.069397153
-0.003153817,-0.014677762,0.752842789,0.010418268,-0.007446340,0.712689336,0.701362904,0.039442581,0.068271379,-0.007287825,0.200076499,-0.194716908,-0.114894421,0.017158475,-0.094603979,-0.128585049,0.244430569,-0.247479921,0.122545108,-0.021821909,0.008501266,0.148379498,-1.254873755,0.525629065,-0.756440708,1.101496280,-0.368639351,0.090762785,0.125901273,-1.078931250,-0.486805402,0.532189461,0.983622764,0.171010310,-0.133458701,-0.304954521
-0.003228947,-0.010267807,0.756844330,0.011042066,-0.003471783,0.713701932,0.700353890,0.037726185,0.059231790,-0.006806132,0.198929399,-0.159282587,-0.104239645,0.011307298,-0.103093712,-0.134487754,0.256799089,-0.227913768,0.104301230,-0.023793648,-0.000129126,0.127707330,-1.574288661,0.609061353,-0.764836893,0.901599811,-0.347404995,-0.030910551,0.200530652,-1.400136636,-0.569040692,0.576136014,0.736220492,0.314633681,-0.204130131,-0.326202718
-0.003095689,-0.005874017,0.765247192,0.005376703,0.003038261,0.716737783,0.697315431,0.019553175,0.055362825,-0.018176328,0.194925527,-0.098801309,-0.103191309,-0.012172645,-0.106597949,-0.144194705,0.273137134,-0.176202106,0.090446411,-0.034319727,-0.002350921,0.105980127,-1.892035520,0.681660714,-0.803189701,0.711720206,-0.287039257,-0.139845972,0.291669302,-1.742282867,-0.641265209,0.669629357,0.542708316,0.314867293,-0.239152615,-0.319795544
-0.002742021,-0.001840657,0.776593628,0.000379644,0.011251493,0.718801323,0.695124391,-0.005426382,0.047867004,-0.030491871,0.196392118,-0.016910407,-0.101544293,-0.043226151,-0.113806480,-0.140618019,0.291766080,-0.103480886,0.092311930,-0.037405467,-0.004925723,0.092956089,-2.178947753,0.733646620,-0.868215956,0.583408120,-0.309639421,-0.273565577,0.396845792,-2.066833910,-0.697394648,0.780528904,0.441938206,0.266983312,-0.295454153,-0.408597757
-0.002134406,0.002098983,0.789180603,-0.001374662,0.017308706,0.718332765,0.695482967,-0.020395942,0.039601259,-0.038408005,0.192253305,0.077912500,-0.107159418,-0.072500565,-0.120649595,-0.125032421,0.314027318,-0.018085004,0.102218157,-0.030899300,-0.009447777,0.084896764,-2.390809954,0.755314691,-0.925342328,0.520919521,-0.254058085,-0.348832360,0.459085961,-2.315613316,-0.725815328,0.861048116,0.410628744,0.270303208,-0.351657368,-0.476718080
-0.001609508,0.006160060,0.801547470,-0.001318092,0.021222420,0.717176024,0.696567600,-0.029915024,0.032535609,-0.041385989,0.188231997,0.172679961,-0.114903612,-0.095616467,-0.126609317,-0.110366257,0.332781614,0.070445580,0.117822823,-0.014412961,-0.013782048,0.071080827,-2.522656489,0.749508085,-0.975021694,0.515728964,-0.241077163,-0.353025479,0.451322440,-2.477159246,-0.727299242,0.903850780,0.434893446,0.326830094,-0.404693386,-0.473507512
-0.001095260,0.009812745,0.812236099,-0.004122809,0.024506003,0.717302336,0.696318761,-0.049072742,0.030974948,-0.043956276,0.194640340,0.253855749,-0.126524370,-0.118049276,-0.127371139,-0.102587237,0.342776382,0.155207086,0.128574339,-0.004579507,-0.016530995,0.046095591,-2.572159088,0.730608753,-0.981100763,0.533422606,-0.341546221,-0.389510208,0.491650489,-2.560563644,-0.716304418,0.917566188,0.485614180,0.330150722,-0.444309148,-0.526535938
-0.000026351,0.012311084,0.820018387,-0.004131014,0.027115660,0.720079029,0.693349744,-0.069015104,0.024923338,-0.053228114,0.208858665,0.316267763,-0.132663663,-0.130216178,-0.133110026,-0.103266454,0.349503841,0.217799428,0.137780986,-0.015402607,-0.026437902,0.031726801,-2.582512905,0.713903805,-0.924533822,0.560349196,-0.311019261,-0.372867359,0.484219104,-2.587906845,-0.705384347,0.885962813,0.514132406,0.268420766,-0.429861854,-0.511317574
0.001578910,0.012589983,0.823838882,-0.004000518,0.027047639,0.723725348,0.689546258,-0.087835347,0.022890539,-0.066476031,0.231098994,0.348172556,-0.141606294,-0.138932612,-0.135129176,-0.111793477,0.361780609,0.250772747,0.137441715,-0.027250028,-0.033266550,0.034021619,-2.582390558,0.707964484,-0.896691352,0.574786263,-0.300425950,-0.373551458,0.476423067,-2.585369660,-0.698893624,0.854563520,0.509490878,0.296371114,-0.395975204,-0.436993967
0.002930961,0.010357410,0.823999405,-0.003833143,0.024946323,0.724973027,0.688314680,-0.098373576,0.026281325,-0.071151105,0.249779986,0.349900990,-0.145947905,-0.147201820,-0.133204680,-0.119092585,0.377419946,0.258119221,0.130369114,-0.033935861,-0.035799813,0.050653785,-2.565015630,0.698252652,-0.868924682,0.578076663,-0.307809618,-0.363058260,0.466844176,-2.566522373,-0.682377713,0.821762796,0.509775506,0.328607799,-0.366933257,-0.383823594
0.004121346,0.005948316,0.821322403,-0.004027911,0.021937337,0.723660231,0.689795911,-0.104495882,0.034046281,-0.064114181,0.268646192,0.319745192,-0.139190654,-0.149782970,-0.126178451,-0.122350921,0.383079438,0.242220703,0.123167187,-0.033120951,-0.035234890,0.080902582,-2.507982459,0.668556398,-0.770567821,0.559351322,-0.270390073,-0.302794903,0.459294528,-2.513301874,-0.642008509,0.730057351,0.508088261,0.336017856,-0.322470052,-0.356718177
0.005110533,0.000213719,0.816092758,-0.008149199,0.016992744,0.721859261,0.691783235,-0.107493987,0.051866962,-0.063534613,0.279076769,0.258377705,-0.144002649,-0.147673442,-0.109082754,-0.131583915,0.375918439,0.209179474,0.114353100,-0.024315004,-0.024313011,0.115706306,-2.364749920,0.586745312,-0.582258419,0.505641013,-0.214844551,-0.230951531,0.493458318,-2.389911633,-0.544481186,0.537408798,0.476488080,0.307231914,-0.227720770,-0.381937451
0.005847088,-0.005625402,0.808672791,-0.013752941,0.012391884,0.719926582,0.693803297,-0.110955956,0.072479335,-0.058906215,0.288984444,0.181282567,-0.149939177,-0.147926480,-0.089503619,-0.135380111,0.370166881,0.163030123,0.114175417,-0.013144326,-0.006169539,0.141022516,-2.105241887,0.447491686,-0.457436066,0.482230633,-0.164981698,-0.273709794,0.650296659,-2.172122381,-0.381399087,0.357100648,0.451810277,0.189107611,-0.131846238,-0.454072468
0.006115208,-0.011194235,0.798843307,-0.010830842,0.006332985,0.718138606,0.695786985,-0.102606311,0.081427441,-0.045549393,0.309121669,0.107491033,-0.148353196,-0.139702663,-0.080062581,-0.111278947,0.381870675,0.097746617,0.130788632,-0.007851487,0.006703527,0.154080948,-1.722917130,0.309783917,-0.440507943,0.542932957,-0.285967800,-0.241510319,0.696882481,-1.811180437,-0.218797992,0.289913675,0.514489867,0.062795637,0.014039202,-0.498815432
0.005696487,-0.014849225,0.786836472,-0.005866248,-0.002535727,0.715860447,0.698214135,-0.083423474,0.092261106,-0.037091343,0.330531710,0.017152063,-0.142833313,-0.125374086,-0.070853610,-0.089242699,0.402364157,0.021387174,0.139158627,-0.009520879,0.018352608,0.169885532,-1.284593745,0.252779910,-0.556137403,0.780103707,-0.251613786,-0.181606640,0.312425455,-1.340489835,-0.141470647,0.385210921,0.739763738,-0.003218076,-0.022148603,-0.313785084
0.005031205,-0.016310960,0.776502228,0.003845868,-0.013849937,0.715120151,0.698853746,-0.051559756,0.098612628,-0.017954904,0.347023501,-0.050840582,-0.134963972,-0.097227894,-0.070345361,-0.095364727,0.425444443,-0.048615019,0.118308917,-0.030006617,0.023083271,0.211484949,-0.876039656,0.253494972,-0.970500628,1.161123569,-0.285191512,0.032383560,-0.080715544,-0.900216568,-0.132894001,0.741375514,1.186685138,0.083901841,0.033098125,0.012235276
0.004265759,-0.017340153,0.775319519,0.005480473,-0.005313220,0.715724574,0.698340940,-0.056174448,0.081632569,-0.002065719,0.330462403,-0.041764832,-0.121349348,-0.111642227,-0.089399889,-0.097601500,0.433233167,-0.065541351,0.109882928,-0.063828635,0.003863743,0.196027667,-0.328867242,0.279497026,-1.178826967,1.373278724,-0.199046336,0.218609365,-0.257140092,-0.368550270,-0.183970043,0.649162422,1.549917651,-0.225078324,0.141835910,0.092181223
0.002344950,-0.021438556,0.781390076,-0.008652085,0.012861116,0.716659077,0.697251389,-0.116740298,0.067783083,-0.013746053,0.321692787,0.014731012,-0.115959239,-0.176812220,-0.099287208,-0.092483618,0.436657852,-0.018382638,0.113538963,-0.067100283,-0.009525691,0.119781521,0.237116558,0.331937713,-1.080846277,1.330531684,-0.078827412,0.156437125,-0.177171497,0.188091594,-0.327766899,0.458821579,1.576667963,-0.381450382,0.249098191,0.191719217
-0.000093954,-0.033350132,0.787357101,-0.022817894,0.029303190,0.716134869,0.696973110,-0.199247826,0.056243940,-0.022358406,0.339488880,0.073349980,-0.114793307,-0.262309984,-0.106402698,-0.077121899,0.456283783,0.043501517,0.133269525,-0.059318622,0.011432630,0.113888965,0.682862793,0.392835008,-0.976820116,1.263868205,-0.449612733,0.194483958,-0.258303982,0.742262875,-0.489009073,0.235648378,1.454811693,-0.245620098,0.309904327,0.209398076
-0.001456736,-0.052049971,0.790035095,-0.026216448,0.034334460,0.716420377,0.696330156,-0.278066712,0.048459349,-0.024383129,0.403166432,0.107797905,-0.111165762,-0.347152167,-0.113824038,-0.064516413,0.525912367,0.094640269,0.155252954,-0.087051171,0.020266145,0.164257177,1.098972464,0.449258396,-1.014097260,1.082322477,-0.233549506,0.178976132,-0.243060887,1.257421936,-0.579135746,0.190747366,1.309622378,-0.366299668,0.350866088,0.357934706
-0.002494852,-0.073696933,0.787380905,-0.028474382,0.035371794,0.711536390,0.701180441,-0.355213930,0.057248988,-0.001864798,0.483968282,0.105851008,-0.127607532,-0.453556199,-0.112883550,-0.054297036,0.636447367,0.133577256,0.153828311,-0.115006364,0.013791219,0.205399928,1.501127495,0.497439606,-0.988226646,0.897817177,-0.358799377,0.161382690,-0.289039038,1.757855480,-0.613103797,0.021484762,1.115102972,-0.285621090,0.343147648,0.414210998
-0.003315995,-0.095344934,0.779619141,-0.033094364,0.044679133,0.700923532,0.711065918,-0.450103921,0.071628480,0.046268733,0.577686581,0.084592124,-0.141215026,-0.581661516,-0.115487698,-0.049979936,0.748498587,0.159659997,0.131012879,-0.113250376,-0.021110183,0.221710449,1.896920348,0.505774409,-0.762460959,0.764033763,-0.186621913,0.205917575,-0.394166520,2.022546529,-0.532555858,-0.374362356,1.160433030,-0.266442191,0.342492574,0.439125311
-0.003252884,-0.117306862,0.766023331,-0.041636587,0.061594986,0.691007275,0.719014185,-0.576488710,0.075747351,0.065213915,0.690084302,0.043924405,-0.132887369,-0.717987265,-0.128722752,-0.065835689,0.846267306,0.168762134,0.091147551,-0.078701778,-0.046887497,0.249607687,2.048038808,0.499890310,-0.652989528,0.804245276,-0.072160027,0.209618057,-0.418881150,2.131313179,-0.441866228,-0.642685278,1.230835685,-0.446420037,0.375394456,0.442212048
-0.002603349,-0.139365416,0.746802139,-0.054910002,0.074693067,0.688941994,0.718863524,-0.720383549,0.078502606,0.052195406,0.816206680,0.005700547,-0.109337809,-0.830489792,-0.140510760,-0.094734098,0.922715084,0.133102230,0.050788401,-0.073200795,-0.047691118,0.305373993,1.986293667,0.518912270,-0.668662567,0.905137698,-0.019606402,0.220144452,-0.444813391,2.199699543,-0.421435055,-0.460761285,1.222706290,-0.493155347,0.368121495,0.447318218
-0.002491721,-0.160007133,0.721836243,-0.076814674,0.092261352,0.693193792,0.710682570,-0.878367140,0.070471812,0.034382560,0.922181240,-0.049149828,-0.090310781,-0.945054077,-0.145659106,-0.100452888,0.983226295,0.061422955,0.024688628,-0.094175506,-0.044930740,0.354563341,1.799473449,0.568237317,-0.789622872,0.915487920,0.028989355,0.206185902,-0.428069697,2.124007580,-0.440725481,-0.348854456,1.191904719,-0.581676875,0.358483420,0.618574427
-0.002398095,-0.177836571,0.691147842,-0.103078990,0.120514168,0.700470262,0.695839399,-1.038755917,0.030796319,0.020182944,0.996984656,-0.044914886,-0.096924713,-1.069580282,-0.156611256,-0.077329286,1.032562355,-0.061933281,0.050061387,-0.121354949,-0.042408743,0.397316612,1.509584227,0.622105508,-0.926785454,0.892163026,-0.134867019,0.155978749,-0.382057984,1.882011920,-0.458495900,-0.306797955,1.208499135,-0.458964346,0.364903265,0.592475978
-0.001270700,-0.189400845,0.655244751,-0.131812090,0.147562885,0.703650623,0.682441623,-1.172512715,0.017090355,0.022302812,1.069074817,-0.202213838,-0.034807396,-1.181741667,-0.151644337,-0.045434893,1.075467871,-0.243345777,0.075686395,-0.123516438,-0.037186397,0.439670884,1.158301197,0.652212350,-0.984891915,0.881909199,-0.294417427,0.165303956,-0.406819459,1.485423110,-0.477597133,-0.197606544,1.299676270,-0.249657324,0.348711287,0.306437039
-0.002351249,-0.192928104,0.615664902,-0.147411385,0.145091811,0.703595310,0.679832251,-1.260462823,0.034695981,0.005977205,1.202790076,-0.404757701,-0.048029052,-1.265849869,-0.144181475,-0.057483721,1.203571373,-0.405190054,0.061567990,-0.102116240,-0.016146618,0.511161420,0.748742340,0.630007433,-1.006609710,0.959438138,-0.460966483,0.204187012,-0.412855610,0.994079503,-0.481492882,-0.101970111,1.413642256,-0.044869055,0.335835906,-0.051909940
-0.005598326,-0.195268936,0.580179138,-0.121504725,0.119053290,0.704050621,0.689474901,-1.301560266,0.043945062,0.007139368,1.416477805,-0.465386495,-0.024469127,-1.306996094,-0.144281447,-0.034746816,1.404507115,-0.458523127,0.067724723,-0.070907265,-0.033737155,0.519999942,0.343671718,0.548179714,-1.002765238,1.172921995,-0.608524455,0.248758811,-0.326777961,0.464404834,-0.485736720,0.087836731,1.553785388,0.047261277,0.275069667,-0.144721654
-0.008419834,-0.194949207,0.550428810,-0.080403003,0.081483687,0.711938103,0.692849120,-1.260978812,0.037767939,0.018047277,1.576646670,-0.543900044,0.007767796,-1.271175392,-0.162141908,-0.016495622,1.572206902,-0.540617830,0.057324680,-0.074857439,-0.041007333,0.519999942,-0.075080731,0.418808387,-0.808312329,1.377111555,-0.705678627,0.209602018,0.042050165,0.006896630,-0.444747540,0.334451755,1.547384655,0.080365745,0.123376278,0.081751781
-0.012788000,-0.201816349,0.529953728,-0.044894947,0.043413682,0.713919377,0.697437323,-1.210337665,0.037486391,0.018008998,1.679273671,-0.585676123,0.020179012,-1.221622790,-0.161361484,-0.001938019,1.669347565,-0.575146848,0.055021138,-0.062262377,-0.022639202,0.519999942,-0.529987833,0.303030173,-0.470980240,1.364281465,-0.744174499,0.084052585,0.077865395,-0.459391359,-0.356201455,0.392090416,1.410790999,0.355705083,-0.006782234,0.083754494
-0.017711394,-0.211333313,0.515614166,-0.007374911,0.009467637,0.710723189,0.703369407,-1.142595328,0.043768803,0.032847741,1.742573901,-0.609932674,0.031089786,-1.163274757,-0.151037181,0.026949016,1.728679684,-0.592449484,0.069468757,-0.027661378,-0.010936892,0.519999942,-1.041239660,0.255315559,-0.488514656,1.287886833,-0.606473885,-0.011226572,0.137368804,-0.977429515,-0.262962981,0.369835094,1.249314183,0.363019060,-0.073529470,-0.057727121
-0.023276496,-0.216561451,0.508464355,0.027113573,-0.029383655,0.704428169,0.708648297,-1.046140754,0.059187337,0.041243422,1.783690716,-0.637708507,0.049209337,-1.068570225,-0.140336235,0.036192404,1.754368312,-0.607482563,0.085233573,0.017704273,-0.007336518,0.519999942,-1.564528500,0.257843931,-0.494215791,1.228425559,-0.795115179,-0.104938335,0.220016572,-1.511142544,-0.217309619,0.371583949,1.152009180,0.448241462,-0.143937077,-0.144161055
-0.028320055,-0.212333260,0.515455894,0.060107710,-0.066224990,0.703380205,0.705164946,-0.907259321,0.057714558,0.049861711,1.774826364,-0.654358669,0.066420311,-0.925460487,-0.158974039,0.024998752,1.740756734,-0.620930377,0.090649120,0.012924812,-0.029971920,0.519999942,-2.052844223,0.342532908,-0.529327173,1.172553032,-0.798334142,-0.205682288,0.289624701,-2.008096599,-0.264058926,0.451123280,1.029758169,0.466655070,-0.210475573,-0.337325178
-0.033020039,-0.198102207,0.543325119,0.088442139,-0.101853013,0.705457149,0.695797501,-0.721627969,0.053385981,0.053495315,1.695518149,-0.635516530,0.078489376,-0.722570202,-0.183162793,-0.008382727,1.651350079,-0.607814455,0.089239774,-0.019644019,-0.047782682,0.519999942,-2.486180504,0.481736286,-0.613251505,1.103278191,-0.552632886,-0.243999386,0.355805876,-2.445461275,-0.400893420,0.519453619,0.987358187,0.585284052,-0.337650577,-0.247924457
-0.039182167,-0.176078148,0.596409988,0.108442587,-0.134313267,0.704233332,0.688662156,-0.503073267,0.068767006,0.063962566,1.534903631,-0.538704722,0.096354450,-0.482781633,-0.194127615,-0.071063140,1.465489967,-0.507333180,0.062395036,-0.034054725,-0.039349574,0.424411173,-2.689002075,0.627354760,-0.711363618,0.881569697,-0.582841534,-0.314615372,0.364750967,-2.670216573,-0.586135668,0.656050626,0.829693747,0.516547890,-0.389158908,-0.292212361
-0.046888924,-0.147731247,0.672860870,0.108733127,-0.148471869,0.697598420,0.692451916,-0.310627941,0.085947058,0.067153131,1.282509124,-0.312729247,0.073326453,-0.273611776,-0.157703710,-0.099481259,1.169930919,-0.264332297,0.080151104,-0.039676901,-0.029568862,0.154917763,-2.722081475,0.766452300,-0.766026126,0.595666318,-0.437240879,-0.364919741,0.434191597,-2.705285124,-0.777700040,0.794876523,0.684380339,0.494339430,-0.460826578,-0.393776072
-0.055542393,-0.117691669,0.768731918,0.117561575,-0.178015182,0.686397413,0.695232668,-0.077895207,0.097608882,0.043413788,0.948959425,0.123767765,-0.027374222,-0.016430201,-0.091458578,-0.090522444,0.767831023,0.221714324,0.189524012,-0.041787252,-0.010512008,-0.092875122,-2.727806678,0.892368084,-0.841987410,0.339294101,-0.370571483,-0.356995614,0.441736498,-2.697328692,-0.932747411,0.963360312,0.589753421,0.394655596,-0.372245603,-0.567887203
-0.064583964,-0.105548334,0.855239716,0.144587254,-0.214640499,0.676912444,0.689067141,0.006951097,0.111536407,0.062939069,0.916009634,0.453852015,-0.166901543,0.051601633,-0.061250171,-0.079387366,0.816909036,0.427031523,0.261799964,-0.056570331,-0.013303866,-0.243710708,-2.719200983,1.008314059,-0.862786621,0.141352401,-0.238491039,-0.250037597,0.495743146,-2.676819328,-1.053494071,1.076109803,0.518289903,0.308257260,-0.214413978,-0.547684267
-0.074304528,-0.117543612,0.910912323,0.187347925,-0.270034032,0.651610523,0.683656422,-0.063789698,0.022383701,0.000894918,1.285345110,0.354133065,-0.177119800,-0.040048808,-0.004564579,-0.066860694,1.262982974,0.432013461,0.261799964,-0.058224196,0.000897398,-0.208315850,-2.674925820,1.111168057,-0.748010244,-0.031011502,-0.078213113,-0.192604466,0.524225384,-2.637641398,-1.158163752,1.051974256,0.437262748,0.286208166,-0.186111230,-0.560838098
-0.085421371,-0.137833090,0.941081161,0.266330769,-0.341621566,0.625019291,0.649394728,-0.162868384,-0.015115547,0.066568786,1.726347749,0.471662210,-0.219716585,-0.132102378,-0.116778811,-0.103726164,1.800715356,0.362274991,0.235590302,-0.074307021,-0.033090657,0.008530637,-2.567533617,1.171546937,-0.625362152,-0.070395853,0.001627068,-0.125504961,0.633421873,-2.488821536,-1.227245542,0.841474196,0.368402004,0.303215405,-0.157191875,-0.568276761
-0.096717529,-0.158217802,0.955101852,0.321114353,-0.404789676,0.602961406,0.607839151,-0.413783619,-0.105574879,0.067615172,2.048926483,0.469144328,-0.165412515,-0.365806874,-0.075207721,-0.031215736,2.180127421,0.295110375,0.232679145,-0.108508272,-0.064063588,0.181150725,-2.228533866,1.137831976,-0.430271954,-0.008687977,0.020328141,-0.044768350,0.651578254,-2.099856936,-1.212183438,0.490834669,0.324633737,0.282019970,-0.107187974,-0.563101109
-0.102822189,-0.168640099,0.967450867,0.389343171,-0.492605587,0.550453917,0.550229148,-0.594753580,-0.023774927,0.087097532,2.176489107,0.505214839,-0.045420972,-0.558937591,0.030760306,-0.004375296,2.307040608,0.282531072,0.225891621,-0.097273016,-0.073570620,0.404454939,-1.772310122,0.977807554,-0.225162379,0.123296643,0.042180318,-0.012620811,0.634062706,-1.693129072,-1.061580757,0.220821762,0.336569799,0.223609437,-0.037667945,-0.562542133
-0.107971964,-0.169230270,0.981597214,0.461116704,-0.570694472,0.481758030,0.479153843,-0.743532200,-0.131436610,0.065619873,2.135896065,0.462980140,-0.125067596,-0.750697702,0.049083657,0.024098496,2.259027124,0.286738363,0.164377552,-0.071542355,-0.088953882,0.519999942,-1.299289767,0.716469771,-0.210482152,0.365203165,0.143120036,0.006483603,0.467908845,-1.280368757,-0.788935632,0.211994480,0.414983411,0.097469949,-0.037967427,-0.548198144
-0.116406851,-0.165565453,1.001058426,-0.525802777,0.624482198,-0.403130729,-0.413568664,-0.882722260,-0.208539287,0.038944439,2.024748960,0.437386666,-0.188459117,-0.937151470,0.043365323,0.050089867,2.118971084,0.237623052,0.053894224,-0.034881911,-0.084890424,0.519999942,-0.879728148,0.482040043,-0.460886565,0.721027035,0.096267806,-0.028716689,0.110973631,-0.931815370,-0.518753986,0.481046130,0.617575802,0.102709939,-0.141708300,-0.240718114
-0.124542713,-0.159758034,1.025361023,-0.581006492,0.669843335,-0.318564783,-0.335049013,-0.980731399,-0.200796553,0.025611811,1.951484053,0.432050113,-0.204972497,-1.027118236,0.067336431,0.046988156,1.963790544,0.160322053,0.158420717,-0.010833740,-0.081387560,0.519999942,-0.510493552,0.331526164,-0.778357889,0.998127741,-0.459436004,-0.110072284,-0.110227098,-0.631379664,-0.326281380,0.830547737,0.806810980,0.312675648,-0.134543435,0.154665162
-0.131070671,-0.154557543,1.053378143,-0.627081840,0.710365260,-0.212471132,-0.238758418,-1.028453762,-0.149545989,0.003619490,1.972398333,0.357985303,-0.109215828,-1.028792583,0.131692527,0.018467091,1.860408932,0.044812337,0.261799964,0.027517048,-0.039893462,0.519999942,-0.144529965,0.202622882,-0.370851050,0.998019583,-0.733776647,-0.247800189,0.152381451,-0.317531765,-0.195419071,0.554557426,0.878546351,0.621409296,-0.420213831,-0.115575930
-0.139065313,-0.155951958,1.083922882,0.658412781,-0.732264601,0.105987558,0.138013773,-1.092926225,0.001004052,0.025680134,2.058763857,0.187651832,0.103186548,-1.059241370,0.139261985,-0.042861581,1.839312440,-0.037305378,0.261799964,0.025668362,0.005481164,0.519999942,0.158908458,0.163688688,0.009353183,0.942162869,-0.529353475,-0.138787961,0.277700323,-0.083060813,-0.203322341,0.122480201,0.832062613,0.627762992,-0.296327376,-0.096805938
-0.150844727,-0.166889954,1.111918182,0.674453094,-0.737834702,0.004133389,0.026379742,-1.139055172,0.086419444,0.049724842,2.115437665,0.042596071,0.163582642,-1.104817432,0.101249456,-0.092504068,1.855696020,-0.061927389,0.261799964,-0.010928273,0.017318674,0.519999942,0.325562915,0.280246907,-0.202194980,1.087886133,-0.657974118,-0.146559399,0.216057275,-0.054464396,-0.386014645,0.315174436,1.104612949,0.886515559,-0.346187209,-0.151178535
-0.166601067,-0.194066544,1.131898193,0.679723235,-0.721611291,-0.092638414,-0.093121383,-1.159199344,0.120076279,0.083964195,2.145210189,-0.093964059,0.184745911,-1.148686527,0.075537658,-0.106330624,1.860910889,-0.117027622,0.261799964,-0.054864617,-0.010201594,0.519999942,0.473965277,0.425077121,-0.292261754,1.121490563,-0.448193640,-0.048430234,0.070016152,-0.094043035,-0.596052664,0.404313026,1.218249766,0.692060748,-0.256173633,-0.319847608
-0.183714142,-0.234897633,1.136553268,-0.666604875,0.690804656,0.177350430,0.216734151,-1.171449199,0.179259643,0.147662011,2.120190196,-0.207706363,0.243902101,-1.198297337,0.042838885,-0.091119059,1.843196426,-0.191880102,0.261799964,-0.073602915,-0.041573731,0.519999942,0.567547388,0.530962320,-0.183712223,1.067167190,-0.356287150,-0.034524267,0.176005503,-0.098443068,-0.780632769,0.234139392,1.072301320,0.927006622,-0.410931873,-0.363601912
-0.200412464,-0.284348812,1.122676239,-0.629817072,0.655021374,0.252255561,0.332632812,-1.180702324,0.219561547,0.214992572,2.008610599,-0.312327141,0.197667212,-1.246363792,-0.051338027,-0.110627862,1.772937568,-0.248068760,0.188178241,-0.092114533,-0.065018157,0.519999942,0.550800709,0.614670492,-0.108952755,1.002914848,-0.471098347,-0.056580876,0.226563302,-0.153239594,-0.910135711,0.069648886,0.877316504,0.854370573,-0.406853580,-0.396080657
-0.215400181,-0.336977730,1.090340576,-0.582673775,0.609261857,0.322768532,0.430246135,-1.213741406,0.250527423,0.255013146,1.808126198,-0.361117419,0.207108763,-1.271659285,-0.088523536,-0.142583364,1.581894003,-0.277364653,0.154399645,-0.079504006,-0.058753996,0.519999942,0.402910270,0.699215376,-0.075944873,0.934480453,-0.372313357,-0.049446263,0.194637862,-0.224644644,-0.995423755,0.061055535,0.661727449,0.824952630,-0.371166483,-0.392946482
-0.229155884,-0.388500824,1.041114197,-0.530379819,0.559604810,0.384700199,0.507489371,-1.251173587,0.188334099,0.213681481,1.475656160,-0.335799585,0.179587102,-1.266578911,-0.062122150,-0.143206028,1.255214967,-0.277787005,0.156859582,-0.064504091,-0.048270651,0.519999942,0.213173153,0.767954191,-0.135901834,0.799200995,-0.295983494,-0.081332556,0.141615405,-0.342440179,-1.032989349,0.099836591,0.451023273,0.696836073,-0.372996182,-0.398354472
-0.241320629,-0.439173508,0.976896439,-0.476124535,0.507481522,0.437128200,0.569813013,-1.198998086,0.119876205,0.146337672,0.962137656,-0.291659615,0.057693216,-1.200516523,-0.033552890,-0.129812783,0.775859066,-0.234569180,0.126429609,-0.051345579,-0.045359097,0.519999942,0.010430931,0.795857520,-0.212130599,0.623315841,-0.210695920,-0.130790080,0.235362048,-0.491624606,-1.027009799,0.143095147,0.239714288,0.523135879,-0.363992342,-0.435514260
-0.253035927,-0.491577682,0.893935013,-0.399645220,0.439848074,0.498325294,0.631260066,-0.957680050,0.085265046,0.140653589,0.254001868,-0.147347712,0.042878080,-0.983875086,-0.027309933,-0.093132574,0.130057794,-0.121540388,0.047652184,-0.054630883,-0.054735700,0.519999942,-0.204039601,0.769661228,-0.262534904,0.461046873,-0.064930032,-0.162977519,0.287880715,-0.629305235,-0.973074640,0.193466955,0.069637600,0.320093420,-0.328613838,-0.466384858
-0.263273125,-0.545110893,0.785507889,-0.304663933,0.353953722,0.561908679,0.682755657,-0.866749478,0.079650963,0.154889882,0.116362340,-0.092046994,0.063899483,-0.976537303,-0.040901922,-0.029015488,0.115690005,-0.175013938,0.060453769,-0.073629053,-0.077085023,0.519999942,-0.351544183,0.717655408,-0.287579088,0.298088919,0.096424807,-0.204957313,0.370904405,-0.684639852,-0.898022916,0.200552538,-0.105400887,0.166520660,-0.294028324,-0.485861511
-0.272996807,-0.602692947,0.682949371,-0.275052897,0.306975892,0.574459177,0.707183399,-1.076574881,0.137872258,0.155111573,0.732800869,-0.576711134,0.034772179,-1.176583696,-0.022691959,-0.056288219,0.626996671,-0.473443389,-0.036240184,-0.043610294,-0.092639698,0.519999942,-0.558099362,0.648314070,-0.217662734,0.179433635,0.356978597,-0.260510549,0.554786954,-0.754182112,-0.774434703,0.130796737,-0.249749268,0.043284295,-0.325065217,-0.531217417
-0.281912155,-0.642884903,0.616962738,-0.212733738,0.226673401,0.604170956,0.733717236,-1.216637187,0.178413578,0.101715494,1.376762489,-0.701608449,0.088731359,-1.374002251,-0.047138938,-0.051593922,1.325110796,-0.554643942,-0.089098674,-0.056921549,-0.127601283,0.519999942,-0.681015362,0.561291692,-0.217311608,0.300513583,0.412360739,-0.309461415,0.800268264,-0.779566495,-0.618140730,0.205990984,-0.168869367,-0.028188708,-0.351163422,-0.632484981
-0.287509403,-0.668593521,0.582891159,-0.143734570,0.186290408,0.636161130,0.734802881,-1.190787010,0.116203934,0.120957522,1.587417446,-0.712076707,0.103647034,-1.395212190,-0.123584015,0.003461317,1.608564484,-0.594665441,-0.105648951,-0.151059329,-0.221833983,0.519999942,-0.705163632,0.500574986,-0.220492104,0.602342970,0.493047398,-0.345502412,0.977046224,-0.752369640,-0.439827335,0.347673252,0.079207520,-0.099400175,-0.367387340,-0.716691881
-0.294612846,-0.687714844,0.574606133,-0.121486586,0.162264551,0.646411640,0.735569994,-1.170203906,0.098453552,0.120239781,1.622257360,-0.715489594,0.093089638,-1.375701329,-0.139793194,0.018689188,1.648507461,-0.599697330,-0.089548226,-0.185533002,-0.266586503,0.519999942,-0.709487337,0.486555070,-0.295652527,0.852342012,0.308176975,-0.317067263,0.716483018,-0.705427701,-0.331354459,0.458211778,0.368138180,-0.056086735,-0.287531353,-0.556598711
-0.301540813,-0.705590820,0.585554008,-0.104032001,0.152734963,0.654821208,0.732842793,-1.133626186,0.065432917,0.129360523,1.551452668,-0.664804499,0.057496162,-1.355289005,-0.160431293,0.041138283,1.620230055,-0.568183211,-0.075082017,-0.214796362,-0.296156997,0.519999942,-0.669985753,0.508170065,-0.375053035,0.887181524,0.095078434,-0.366316475,0.617941676,-0.643352011,-0.301058946,0.579660322,0.541216949,0.147605724,-0.300440489,-0.519894454
-0.308027782,-0.720974808,0.607327652,-0.100896098,0.141542509,0.659983696,0.730894805,-1.083482597,0.049954077,0.118144304,1.430509118,-0.615044865,0.020728625,-1.308729293,-0.163552169,0.032921097,1.537063301,-0.544531993,-0.069859933,-0.206924124,-0.278953810,0.519999942,-0.630995482,0.541978210,-0.469771076,0.862606643,0.261288600,-0.352865450,0.704861167,-0.572691362,-0.317021902,0.682259066,0.670392659,0.212239420,-0.337485765,-0.550774844
-0.313893471,-0.734621353,0.634256363,-0.107972053,0.125712451,0.657981678,0.734573704,-1.021409701,0.066159351,0.098809477,1.290266764,-0.569676585,0.000328160,-1.244202638,-0.141298034,-0.001347641,1.420939914,-0.513086815,-0.077608666,-0.160830415,-0.230709611,0.519999942,-0.576309918,0.548159974,-0.495926580,0.847071240,0.269706829,-0.312524276,0.686128199,-0.496603803,-0.358070964,0.763826295,0.771958116,0.245469773,-0.273935186,-0.460978334
-0.319487362,-0.745859528,0.663880615,-0.103503671,0.109329354,0.660635269,0.735455725,-0.922258802,0.061322471,0.090193362,1.120298573,-0.509609560,-0.010907993,-1.156812431,-0.137457873,-0.021294408,1.302768557,-0.474255630,-0.073857946,-0.126247327,-0.189229191,0.519999942,-0.508994140,0.527050758,-0.477469898,0.846975771,0.131689305,-0.230541902,0.577216198,-0.406363928,-0.404927120,0.827949151,0.846300136,0.322094283,-0.225029105,-0.314106696
-0.323645096,-0.754441757,0.695705719,-0.095936546,0.097498747,0.667689524,0.731765586,-0.798642001,0.040437633,0.086201236,0.903091649,-0.434853932,-0.024037392,-1.055797137,-0.149210048,-0.040179959,1.169424355,-0.426811350,-0.047783776,-0.101115690,-0.146358075,0.519999942,-0.457978934,0.492550887,-0.479619358,0.888907585,0.074761021,-0.161664717,0.530936314,-0.301702693,-0.446355512,0.842320768,0.894181045,0.365406443,-0.202086770,-0.221016087
-0.326016922,-0.760740433,0.727510147,-0.093042359,0.090545513,0.677608733,0.723872250,-0.669660319,0.019863690,0.072177672,0.651797398,-0.360837695,-0.055952685,-0.945469587,-0.154753022,-0.056575877,1.009420598,-0.374005453,-0.017571783,-0.086823821,-0.100731276,0.519999942,-0.430078275,0.459299851,-0.507280087,0.952646084,0.069951086,-0.096201843,0.503621510,-0.198911143,-0.473028471,0.799312906,0.926323988,0.361850282,-0.162026681,-0.163132749
-0.327341423,-0.763793869,0.753073120,-0.087559218,0.081805612,0.691789827,0.712087115,-0.550533691,0.007106694,0.057778837,0.454347130,-0.322915879,-0.097994792,-0.839031294,-0.157465036,-0.056798002,0.919111154,-0.363688428,0.002231383,-0.088891312,-0.061145862,0.519999942,-0.400289396,0.438858782,-0.563159979,1.006967241,0.000541517,-0.073515310,0.450503723,-0.098900990,-0.480271535,0.735732271,0.959336629,0.309783201,-0.124678119,-0.125771376
-0.327891159,-0.765968170,0.767944260,-0.071203898,0.072486397,0.710903129,0.695911250,-0.544475531,-0.015159607,0.042298868,0.558118421,-0.333737496,-0.100269787,-0.752608139,-0.198972142,-0.073239401,0.966658163,-0.383802597,-0.011883853,-0.107480918,-0.044863928,0.519999942,-0.365046050,0.438138694,-0.625470817,1.026630068,-0.052867144,-0.063028330,0.356597435,0.002527740,-0.467503317,0.651271251,0.991320172,0.229834241,-0.096459487,-0.111280436
-0.328519516,-0.766381912,0.772184677,-0.038865030,0.052834947,0.725064518,0.685550453,-0.529754308,-0.038224093,0.004516296,0.794473701,-0.343397248,-0.046328133,-0.628652238,-0.259140396,-0.112023249,1.050465331,-0.410703776,-0.030576409,-0.114637384,-0.055094728,0.519999942,-0.304563271,0.448442769,-0.646567344,1.010253521,-0.032946530,-0.046198275,0.253989144,0.106486150,-0.433164383,0.553529951,1.019468511,0.160285401,-0.066032921,-0.090640139
-0.331399422,-0.761560593,0.768749237,-0.000188532,0.025456417,0.721850562,0.691580582,-0.372338350,-0.036357605,-0.035586457,0.771348717,-0.345481642,-0.062330560,-0.478616719,-0.251999835,-0.076999476,1.083495443,-0.449515884,-0.022784080,-0.092290241,-0.077363073,0.480037312,-0.199152801,0.453708287,-0.655577380,0.984992446,-0.034563331,-0.041617821,0.191471555,0.185533352,-0.391330953,0.516772199,1.089258520,0.152205556,-0.048892004,-0.064640154
-0.335955925,-0.754258423,0.760923691,0.017892865,0.002831651,0.706551114,0.707430103,-0.197491964,-0.017487944,-0.020887992,0.594602086,-0.381549290,-0.102233312,-0.359302573,-0.208074226,-0.041722532,1.037574015,-0.479630127,0.006820614,-0.062468175,-0.068924572,0.393082915,-0.080812591,0.448856918,-0.655967408,0.960386270,-0.057009899,-0.057318576,0.171736384,0.233640525,-0.358662683,0.489850967,1.179592207,0.146028766,-0.056292984,-0.048191776
-0.340398865,-0.750925369,0.752953415,0.018066687,0.001595758,0.701299404,0.712636088,-0.134327789,-0.016683125,0.019348760,0.504403505,-0.425765095,-0.051836396,-0.296264980,-0.218823884,-0.072983561,0.930007942,-0.524318549,0.031106935,-0.065178420,-0.057393976,0.285667167,0.005243209,0.440253492,-0.659348041,0.943271485,-0.035166714,-0.067668300,0.206370628,0.248760242,-0.334376514,0.419087587,1.245463289,0.129740394,-0.065339546,-0.051720857
-0.343394089,-0.753436508,0.747178879,0.026560907,-0.002239606,0.706772593,0.706938473,-0.103052590,-0.037803467,0.009895682,0.476522446,-0.449895459,-0.011873371,-0.246246288,-0.244399459,-0.100291377,0.899933650,-0.593079914,0.042500265,-0.086707591,-0.060033200,0.240874513,0.045661644,0.432042398,-0.659944176,0.941467250,-0.006748319,-0.067010772,0.251953619,0.230951810,-0.309955099,0.341600170,1.271002413,0.156886870,-0.069418144,-0.088173868
-0.345108681,-0.760543823,0.744908905,0.034335192,-0.017356151,0.700525150,0.712589905,-0.079715669,-0.025443167,0.021114871,0.491343642,-0.470214564,0.012090281,-0.245465549,-0.224422088,-0.080782966,0.942421998,-0.609340449,0.010917977,-0.071220272,-0.051407099,0.248368922,0.045182480,0.421620444,-0.674847438,0.982977760,-0.021702766,-0.084075980,0.279741163,0.172584719,-0.292482835,0.342280447,1.288936543,0.238952958,-0.088755869,-0.126342796
-0.346521759,-0.768482590,0.746541138,0.038489446,-0.026515590,0.688838601,0.723406434,-0.045836406,-0.010057279,0.052490564,0.454641986,-0.467017051,0.025019504,-0.278167923,-0.201822422,-0.049081119,1.003157187,-0.598524539,-0.016603315,-0.053005349,-0.047239209,0.250810516,0.020741758,0.405897872,-0.728096212,1.086801219,-0.064223219,-0.093079893,0.259331562,0.085668108,-0.283944649,0.442077588,1.298212200,0.255510391,-0.086985849,-0.150524543
-0.347101669,-0.775724792,0.750692062,0.043620828,-0.031477444,0.687166984,0.724505300,-0.007565978,-0.012289931,0.056729021,0.387355809,-0.440851389,0.022896582,-0.278276692,-0.208702178,-0.064348633,1.006632015,-0.591387276,-0.013511878,-0.057692183,-0.051322134,0.246118704,-0.030513494,0.388052963,-0.831292957,1.203774704,-0.086290335,-0.021709671,0.134646514,0.007983454,-0.274253534,0.531641759,1.281854800,0.220773713,-0.084271687,-0.145186540
-0.345732689,-0.782116928,0.755490570,0.044824999,-0.031134404,0.694707941,0.717218408,0.022161210,-0.016917217,0.040322617,0.300249812,-0.401900440,-0.003966788,-0.260888658,-0.224100328,-0.107887760,0.983722544,-0.588670061,0.003932850,-0.076026041,-0.059880449,0.219707858,-0.091443023,0.371696662,-0.957522133,1.278104000,-0.042393447,0.082938559,-0.071291569,-0.044065982,-0.258751589,0.550921032,1.238861930,0.210129003,-0.107695315,-0.093782230
-0.343528595,-0.788344269,0.759314270,0.042903132,-0.033428910,0.699262838,0.712792615,0.044201641,-0.006398140,0.031271001,0.231456751,-0.369524600,-0.036189067,-0.241343902,-0.226219385,-0.150036653,1.004059609,-0.586062015,0.002136120,-0.077977133,-0.058757574,0.191123728,-0.138222310,0.359048575,-1.039330567,1.281855603,0.055125439,0.139424222,-0.216029699,-0.082173033,-0.244839587,0.540134479,1.169333179,0.247005890,-0.112053873,-0.062267082
-0.341144676,-0.794088593,0.761129761,0.044041307,-0.034125844,0.703249948,0.708756165,0.067411143,-0.004830702,0.022741165,0.167418422,-0.341440559,-0.054229733,-0.217559498,-0.231965847,-0.177352382,1.057586973,-0.586370485,0.010579441,-0.073412109,-0.061364249,0.163253639,-0.159665478,0.353564489,-1.038514189,1.222847836,0.145971013,0.149190683,-0.222647508,-0.113806026,-0.240119676,0.548062899,1.097488219,0.307687113,-0.128747144,-0.075912375
-0.338262978,-0.799379196,0.761127243,0.046004391,-0.033384308,0.706488418,0.705438303,0.078403571,-0.006551236,0.013835468,0.129297901,-0.328256307,-0.071081874,-0.187954612,-0.226602781,-0.183066939,1.099382721,-0.581007402,0.033047432,-0.066228592,-0.065184895,0.138509993,-0.163267645,0.356396757,-0.985970616,1.134623362,0.124957691,0.113875560,-0.111371999,-0.142705014,-0.242820486,0.557835084,1.028288654,0.316759457,-0.147933776,-0.113974299
-0.334870377,-0.805036774,0.759823227,0.048602703,-0.034203339,0.707147940,0.704563482,0.077125210,-0.003154072,0.014943924,0.125629480,-0.332208937,-0.091033255,-0.149483070,-0.190245985,-0.146950719,1.098414465,-0.555241560,0.083962020,-0.050599985,-0.066847952,0.125617961,-0.155714174,0.366360458,-0.914171523,1.036777342,0.006012482,0.012215231,0.045030722,-0.168316813,-0.249728926,0.554566781,0.955797451,0.283276816,-0.151493802,-0.148489087
-0.330845222,-0.811772308,0.758047256,0.050295663,-0.031312006,0.707539044,0.704186343,0.065087241,-0.004179497,0.013975502,0.124852023,-0.328125617,-0.107594688,-0.111504225,-0.162157878,-0.108618210,1.065880079,-0.534817769,0.119504457,-0.035349386,-0.073758661,0.114548168,-0.145880099,0.379258545,-0.847147214,0.937729506,-0.118296226,-0.097152857,0.166970501,-0.196328492,-0.256329596,0.552882765,0.903527632,0.258683155,-0.157453814,-0.163842208
-0.326602249,-0.819391937,0.756627350,0.050149368,-0.025818421,0.711090113,0.700834717,0.042361455,-0.008513846,0.006052391,0.124646368,-0.318088560,-0.115601157,-0.069263885,-0.153181510,-0.093422735,0.980066429,-0.552731654,0.113731543,-0.028187362,-0.080595936,0.103815146,-0.146023897,0.386279202,-0.793818085,0.857075607,-0.146680647,-0.135052042,0.235394860,-0.226306372,-0.260347571,0.554384987,0.879306424,0.267868299,-0.164148844,-0.167753499
-0.321768837,-0.827532349,0.756210098,0.048311959,-0.021577460,0.715068563,0.697049007,0.017324897,-0.006996244,-0.001031764,0.125299548,-0.306321707,-0.124703758,-0.007410729,-0.148061394,-0.123108242,0.802950119,-0.564147661,0.114919843,-0.019927281,-0.082505039,0.096974467,-0.163008900,0.382451206,-0.762196699,0.821307562,-0.115704638,-0.113435685,0.268084964,-0.254928445,-0.262078745,0.562407568,0.874557994,0.267383412,-0.159539779,-0.171649205
-0.316273861,-0.836484146,0.756718369,0.045989861,-0.020742201,0.717926990,0.694287787,-0.004111342,0.002581093,-0.007083766,0.125949015,-0.291858670,-0.137295134,0.052528162,-0.133974887,-0.161538347,0.657106899,-0.590644726,0.105763200,-0.007656524,-0.078483879,0.098987417,-0.193079178,0.368036916,-0.746177823,0.837740867,-0.075097072,-0.084443471,0.260611779,-0.281289480,-0.263316149,0.579502597,0.879637565,0.253085744,-0.156237599,-0.170235209
-0.310452938,-0.846486588,0.759273300,0.041532975,-0.022835909,0.716274866,0.696206758,-0.023602042,0.023848160,-0.005315577,0.127086155,-0.275249995,-0.143413007,0.082094853,-0.104134942,-0.165731003,0.547218055,-0.567782309,0.092486934,0.011022037,-0.065821213,0.108328389,-0.226134091,0.347199308,-0.736217508,0.886418344,-0.057246698,-0.064270395,0.236397796,-0.311496417,-0.266367456,0.614094185,0.888110441,0.241050268,-0.151492520,-0.168061908
-0.305156326,-0.857386017,0.762140045,0.034849376,-0.015436280,0.714620055,0.698473635,-0.064347518,0.031162969,-0.003902681,0.127735220,-0.241183471,-0.137800255,0.061002022,-0.093068722,-0.160390871,0.499513180,-0.537370785,0.091566832,0.025110918,-0.063896050,0.105248625,-0.254448759,0.323780341,-0.722053620,0.951114296,-0.046902648,-0.047749048,0.196174467,-0.339236680,-0.269859982,0.652545272,0.902279547,0.231880413,-0.152117941,-0.160820467
-0.300126133,-0.868083038,0.765279083,0.032376188,-0.009871085,0.714933970,0.698372224,-0.094453310,0.032578012,-0.006479879,0.128129432,-0.218393852,-0.133431259,0.049248657,-0.089392247,-0.163304611,0.458096918,-0.506552075,0.091985781,0.030071388,-0.065638740,0.111747027,-0.274268945,0.301230250,-0.709616718,1.016363936,-0.046905336,-0.028177501,0.163150795,-0.359870765,-0.271333092,0.684573634,0.917381305,0.217785727,-0.142053954,-0.146901780
-0.295496311,-0.878505859,0.767790604,0.032127103,-0.004960199,0.714388753,0.698993530,-0.119858287,0.032239087,-0.008269082,0.125876505,-0.169114638,-0.143424308,0.042446905,-0.087352979,-0.162718914,0.418110535,-0.479822026,0.086579318,0.034989746,-0.069871194,0.120432930,-0.286625370,0.283543921,-0.707125662,1.068283136,-0.054256286,-0.010159420,0.145716946,-0.372461047,-0.271112220,0.708358580,0.931819158,0.195057543,-0.126290716,-0.126589783
-0.291299992,-0.889041595,0.770344315,0.034340111,0.001807503,0.713853080,0.699450691,-0.157045267,0.022836375,-0.011819509,0.147637384,-0.120033197,-0.145802764,0.033563083,-0.093722289,-0.161201210,0.385537001,-0.455017092,0.075900641,0.039822422,-0.081494095,0.132286375,-0.296612999,0.275909677,-0.714795232,1.100394192,-0.065670190,-0.008727514,0.127358032,-0.377512605,-0.271534189,0.720356514,0.936570764,0.179530047,-0.113634454,-0.108149135
-0.288074493,-0.899133530,0.772753906,0.038715862,0.005549760,0.715156551,0.697869178,-0.212585676,0.010151231,-0.017805633,0.230711356,-0.125059072,-0.130150651,0.038633945,-0.101229550,-0.166608973,0.345316848,-0.429426499,0.076141531,0.039596960,-0.089559153,0.152301235,-0.301942379,0.275537625,-0.731449582,1.113947092,-0.073418060,-0.016767952,0.122316817,-0.374132828,-0.274661522,0.720995409,0.934120287,0.177137663,-0.105727554,-0.103225073
-0.285163517,-0.908438873,0.774740372,0.041989997,0.008818535,0.714840474,0.697970035,-0.272380464,0.004063470,-0.011428788,0.334032544,-0.150619925,-0.124354826,0.044431297,-0.105592629,-0.166986156,0.303193571,-0.407793073,0.083753579,0.045261583,-0.094322061,0.169339646,-0.300078298,0.279419569,-0.746346421,1.116606503,-0.073142414,-0.027948444,0.123210192,-0.357998917,-0.281493526,0.712273493,0.930568612,0.189802374,-0.111989435,-0.108434224
-0.283065567,-0.915285492,0.776063766,0.045547051,0.010611511,0.711175168,0.701457585,-0.321083213,0.003415634,0.005036382,0.462131194,-0.194294259,-0.128329702,0.055201000,-0.107282974,-0.158617756,0.260992941,-0.394412524,0.099548770,0.057351170,-0.095826229,0.178399126,-0.284654474,0.283836089,-0.756375694,1.112133050,-0.070114117,-0.023453890,0.126056220,-0.331178861,-0.289562410,0.708706476,0.930851233,0.194466453,-0.111580784,-0.116141853
-0.281652031,-0.920202103,0.776708450,0.047037660,0.012358390,0.706659475,0.705880383,-0.362919174,0.001887379,0.014933492,0.614171817,-0.271357195,-0.107528095,0.060447266,-0.106503569,-0.148317801,0.231116569,-0.394505812,0.104754044,0.068650385,-0.094959665,0.175708212,-0.257691214,0.287469760,-0.752428894,1.109013972,-0.071416543,-0.023665268,0.125305350,-0.298423900,-0.297861747,0.714219326,0.940539207,0.191000648,-0.110883516,-0.120456731
-0.280850468,-0.923306427,0.776811066,0.050101236,0.012944638,0.703044484,0.709260711,-0.376090075,-0.004034809,0.025194871,0.748694151,-0.300897590,-0.089415551,0.070252068,-0.108005123,-0.140022914,0.206824379,-0.396801722,0.110547310,0.072675754,-0.095617804,0.171011610,-0.221901737,0.290787596,-0.739092257,1.104474964,-0.076577042,-0.019975314,0.131761218,-0.261785338,-0.303770280,0.719352897,0.954107274,0.172691777,-0.098979062,-0.121530527
-0.280736141,-0.924902115,0.776233749,0.048753686,0.014782148,0.699687965,0.712629861,-0.363683280,-0.011601617,0.026552875,0.830572241,-0.312145504,-0.083314631,0.067502712,-0.107445392,-0.132738058,0.193344206,-0.398605677,0.125303348,0.072085868,-0.092576976,0.152706379,-0.179087257,0.293118972,-0.721186680,1.101836131,-0.079208878,-0.018377741,0.138738910,-0.218244068,-0.305751491,0.707787997,0.970781399,0.151624466,-0.085610901,-0.107944775
-0.281408997,-0.924847488,0.775410919,0.047919142,0.017522417,0.696221761,0.716011159,-0.319947650,-0.031796930,0.017676169,0.846628851,-0.296631343,-0.082842542,0.064021843,-0.111489486,-0.124789586,0.184909553,-0.401747043,0.149924708,0.067438196,-0.091715265,0.131487687,-0.132542740,0.294153342,-0.708295381,1.102263003,-0.083715878,-0.014341573,0.148421080,-0.168662214,-0.304171339,0.679030817,0.985723669,0.143295947,-0.070117545,-0.102338016
-0.281938400,-0.923885193,0.774818802,0.044846391,0.021279598,0.692058465,0.720132669,-0.260150802,-0.044668224,0.011818901,0.786253497,-0.324103506,-0.035107345,0.048656627,-0.111853556,-0.111952684,0.191453037,-0.403374161,0.152784290,0.063070865,-0.092562315,0.106405853,-0.088091829,0.294337753,-0.700361883,1.112517441,-0.083658553,-0.012330940,0.149361001,-0.120040412,-0.297992455,0.640606818,1.003830710,0.139559379,-0.059904892,-0.095813008
-0.282922707,-0.921748428,0.775182724,0.043305227,0.024212042,0.688103153,0.723914694,-0.156874120,-0.037715291,0.039681675,0.576687887,-0.319635759,-0.064376173,0.039249039,-0.113133970,-0.099158682,0.195065581,-0.397027498,0.146799565,0.056146212,-0.095307910,0.086517756,-0.048233780,0.292269608,-0.706403863,1.129633117,-0.079661274,-0.003979831,0.145883782,-0.079726885,-0.288532160,0.607347737,1.029823322,0.140043334,-0.051280020,-0.098046972
-0.284483185,-0.919637985,0.776269760,0.041250115,0.025735820,0.686256794,0.725732532,-0.073264552,-0.039673952,0.049348836,0.408769759,-0.304239582,-0.061738453,0.036475470,-0.113761695,-0.095782762,0.190314122,-0.383202815,0.149047278,0.044300982,-0.094810025,0.070801752,-0.016235079,0.286899980,-0.723760761,1.152648425,-0.081501268,0.004087235,0.136183989,-0.049644627,-0.279748459,0.582439322,1.066903278,0.126938931,-0.045674481,-0.097282192
-0.285779419,-0.918062439,0.778577347,0.042465705,0.030881768,0.687246072,0.724524545,-0.013127801,-0.057280479,0.047451127,0.271092673,-0.257977012,-0.041580288,0.031553891,-0.127956877,-0.098238004,0.190790929,-0.374453567,0.150678271,0.029362993,-0.105417021,0.059354782,0.003226635,0.279923567,-0.743764556,1.181675606,-0.064993431,0.016443261,0.104539794,-0.025493892,-0.271425891,0.562160482,1.103384325,0.114009863,-0.039685881,-0.099931549
-0.286210785,-0.917270508,0.781337967,0.042380220,0.032976239,0.689703989,0.722097564,0.032459745,-0.064307225,0.040237526,0.166699154,-0.209515676,-0.035670545,0.033516926,-0.131704668,-0.103878053,0.182705168,-0.357442960,0.140637025,0.018793060,-0.111590488,0.054015200,0.007121825,0.274969311,-0.777392635,1.211259548,-0.063386198,0.029704033,0.070983913,-0.002636392,-0.261543069,0.535447048,1.138856484,0.103119353,-0.036396032,-0.099546922
-0.286748924,-0.916162796,0.783588562,0.040010593,0.028394780,0.690599363,0.721571485,0.058318093,-0.052611921,0.038505693,0.121966313,-0.186775572,-0.046822217,0.043477277,-0.119677960,-0.109011729,0.170612087,-0.329425311,0.128222341,0.011049805,-0.101509456,0.053339625,0.011611157,0.271996474,-0.805764026,1.219477256,-0.044888392,0.054410137,0.040383433,0.014602081,-0.252519420,0.526185964,1.169311781,0.066408972,-0.022323105,-0.096490755
-0.288196144,-0.914957733,0.784817657,0.034569044,0.021904400,0.692434967,0.720318676,0.061747021,-0.034323713,0.029571419,0.119653927,-0.180403532,-0.063493785,0.051980186,-0.102238159,-0.117941776,0.159135020,-0.299243594,0.122126081,0.001020129,-0.081369746,0.050401264,0.016681752,0.270627665,-0.829571487,1.204947914,-0.018422629,0.069908151,0.030137298,0.030155462,-0.248564224,0.528604188,1.185213127,0.041892283,-0.014345419,-0.092286850
-0.289619675,-0.913491516,0.785948792,0.032244295,0.020739872,0.694460444,0.718508772,0.060336678,-0.032714024,0.023805977,0.120069617,-0.175447670,-0.050538862,0.050834931,-0.100495032,-0.123958327,0.161799422,-0.284736522,0.123333212,-0.005798650,-0.074000581,0.044374260,0.019491821,0.272327319,-0.850537813,1.175800566,-0.011733092,0.066656318,0.051255245,0.046714235,-0.247723622,0.534778028,1.187469576,0.050775276,-0.015839348,-0.082051541
-0.290780926,-0.912016602,0.786512604,0.028935924,0.022535814,0.696187680,0.716922286,0.053106372,-0.033399476,0.020359845,0.120312404,-0.172576202,-0.041244966,0.040769326,-0.100667963,-0.128041962,0.170166391,-0.278271840,0.119331838,-0.009155763,-0.070330147,0.033214776,0.020274839,0.278226025,-0.862033092,1.147783145,-0.018836677,0.039238658,0.082870058,0.062653336,-0.247827661,0.531212495,1.183173622,0.057839206,-0.026866960,-0.065955568
-0.291805058,-0.911162949,0.786231308,0.026150976,0.021362965,0.697638426,0.715653810,0.051345414,-0.027940665,0.017408184,0.120279964,-0.174799681,-0.049814533,0.040166587,-0.095999497,-0.132325017,0.169368540,-0.271797454,0.116105526,-0.011763545,-0.063173044,0.031689228,0.016650810,0.285387740,-0.855802476,1.125588840,-0.039315332,0.007432703,0.105926516,0.071485126,-0.248444547,0.525795185,1.173931389,0.060995273,-0.029515968,-0.069486293
-0.292732124,-0.910501328,0.785547409,0.025412365,0.018496124,0.701022847,0.712445839,0.054296711,-0.023932902,0.007580239,0.120249520,-0.177932233,-0.059256342,0.052898856,-0.092549093,-0.143653932,0.156638605,-0.265915433,0.122369397,-0.019678980,-0.056548551,0.037144839,0.011281946,0.290415457,-0.835947262,1.106577457,-0.062592411,-0.003214781,0.126044712,0.074427960,-0.249129310,0.521195876,1.167470808,0.056425657,-0.032160500,-0.075195451
-0.293755360,-0.909961548,0.785204163,0.025493174,0.015566923,0.702398750,0.711156639,0.059210365,-0.021513892,0.003020103,0.120384190,-0.176994468,-0.059492022,0.062547822,-0.089483816,-0.148421054,0.150027804,-0.262309146,0.123581825,-0.022592423,-0.050650144,0.045311065,0.003684463,0.291924574,-0.809336401,1.095987707,-0.071969455,0.000658220,0.133982369,0.072094734,-0.250489008,0.523352771,1.162192932,0.058493479,-0.034915619,-0.086705102
-0.294786510,-0.909322586,0.785138092,0.023034503,0.014770428,0.702160396,0.711492814,0.057286651,-0.017754023,0.002920088,0.120256578,-0.174224491,-0.063260895,0.061984658,-0.084913672,-0.148272021,0.146717979,-0.258230259,0.122260091,-0.021587560,-0.043933316,0.046968894,-0.006315731,0.290688619,-0.786995314,1.095029521,-0.076967985,0.003028142,0.138776742,0.067223904,-0.252556002,0.526894376,1.157650887,0.064048655,-0.036562126,-0.092028236
-0.295679684,-0.908457870,0.785437622,0.021300619,0.014249541,0.702669907,0.711054313,0.055862924,-0.015067544,0.001094999,0.119908151,-0.166862692,-0.069081144,0.058712494,-0.082962353,-0.149845871,0.151573852,-0.254386294,0.117994695,-0.022175258,-0.039501866,0.048373416,-0.017874605,0.289513838,-0.772818057,1.096484340,-0.082550745,0.005777268,0.137149421,0.061640771,-0.254581404,0.535145979,1.154041197,0.078901358,-0.044719908,-0.093787728
-0.296396084,-0.908160019,0.786212158,0.019454066,0.012086972,0.701481692,0.712319366,0.056562463,-0.008476129,0.003231449,0.119427313,-0.155095595,-0.077178791,0.057351161,-0.076405471,-0.147231281,0.152850543,-0.244478862,0.110087847,-0.018149661,-0.032726451,0.053142557,-0.030570803,0.289589916,-0.770463416,1.096138189,-0.082524780,0.005803430,0.138630485,0.051971978,-0.255291212,0.540087076,1.152032847,0.082400143,-0.044453438,-0.094146184
-0.296825504,-0.907099380,0.786984787,0.018169782,0.011968861,0.703831868,0.710033314,0.053899551,-0.007864619,-0.004280429,0.119136838,-0.143489958,-0.077781322,0.058127294,-0.075123305,-0.153690483,0.152119006,-0.237203580,0.106853795,-0.024342491,-0.030743811,0.051849121,-0.037382310,0.291659755,-0.771633624,1.091639219,-0.073703910,0.006459690,0.135986840,0.047182177,-0.254291697,0.539143341,1.149285699,0.079995142,-0.046702592,-0.098581834
-0.297367325,-0.906416626,0.787763443,0.018143010,0.011572425,0.703940719,0.709932655,0.054839036,-0.008177411,-0.004625096,0.118934352,-0.135369086,-0.075358088,0.057333263,-0.075621451,-0.153841349,0.155764353,-0.231396991,0.108256583,-0.025144454,-0.030111263,0.053501721,-0.040753393,0.296186319,-0.774681318,1.082469189,-0.078975747,0.002718179,0.143781725,0.040476018,-0.251963864,0.534613269,1.143270422,0.079990932,-0.042963325,-0.100933972
-0.297589073,-0.905678711,0.788278503,0.017193397,0.012083033,0.704706422,0.709187737,0.052896200,-0.008227641,-0.007032474,0.118725167,-0.130531004,-0.077212877,0.053562949,-0.076258147,-0.155047389,0.160571120,-0.226258341,0.110700667,-0.027320817,-0.030803005,0.052315843,-0.041887637,0.301494895,-0.775830897,1.072660509,-0.081398521,0.001034571,0.145776409,0.035663691,-0.250048575,0.534735774,1.133298308,0.097385428,-0.045116325,-0.106534234
-0.297799854,-0.905047302,0.788579102,0.016428350,0.011726763,0.704623230,0.709294506,0.053151973,-0.006495156,-0.007149087,0.118768940,-0.130050399,-0.077545110,0.051053610,-0.075200199,-0.155065017,0.164646961,-0.220248387,0.110535437,-0.026913099,-0.030255311,0.051687472,-0.041119451,0.306329998,-0.776902878,1.063523466,-0.085185327,-0.000884548,0.147710182,0.030990258,-0.249120985,0.537966291,1.126236444,0.108897456,-0.053880216,-0.107165502
-0.297958641,-0.904704361,0.788767090,0.016480258,0.009025320,0.703137871,0.710805233,0.058693084,-0.001725659,-0.003755474,0.119576120,-0.131415432,-0.078045138,0.055583902,-0.070110496,-0.151840573,0.162830379,-0.212531431,0.108777290,-0.022887160,-0.027245296,0.056887127,-0.039802279,0.309794284,-0.774609236,1.056791853,-0.082508747,-0.001520245,0.147858622,0.024023330,-0.248495703,0.544320494,1.120086271,0.111933323,-0.049442867,-0.111945045
-0.298327885,-0.904098969,0.788808060,0.015671884,0.009360470,0.703274764,0.710683741,0.057322774,-0.001739955,-0.003989207,0.120294295,-0.131428354,-0.076903884,0.054964490,-0.069915302,-0.152312021,0.161289035,-0.206684037,0.111227966,-0.022049823,-0.027313286,0.055113262,-0.038656254,0.311509227,-0.774919486,1.055454529,-0.079570329,-0.000526303,0.146931678,0.022055682,-0.247927144,0.547096353,1.115861596,0.112685670,-0.053136813,-0.118022337
-0.298572388,-0.903698120,0.788738022,0.015058057,0.009819956,0.703358063,0.710608372,0.056856251,-0.001948038,-0.004263369,0.119131951,-0.133647394,-0.076521216,0.054616993,-0.070460233,-0.152314709,0.159475115,-0.204445669,0.115259856,-0.021707910,-0.027979881,0.053783687,-0.037160006,0.312396291,-0.773095285,1.057656088,-0.081851771,-0.001216077,0.147309524,0.020458530,-0.247058215,0.542947374,1.112485606,0.112185576,-0.052673536,-0.112171014
-0.298922234,-0.903741150,0.788614883,0.015034216,0.009803217,0.703053545,0.710910390,0.057069636,-0.002347336,-0.003635283,0.119133440,-0.135014098,-0.076666031,0.054688262,-0.071122219,-0.150922373,0.158341034,-0.201128863,0.120851397,-0.019249397,-0.029020818,0.055018682,-0.036672872,0.312589272,-0.768360922,1.061617287,-0.077831448,0.001246671,0.140355382,0.018272821,-0.246005642,0.547637370,1.108771371,0.120221967,-0.051628466,-0.121824481
-0.299295788,-0.903734436,0.788630905,0.015348644,0.009556380,0.703330534,0.710632996,0.057836927,-0.003291161,-0.004379826,0.119138915,-0.135082595,-0.075386478,0.055032657,-0.072135331,-0.151625898,0.159324074,-0.199231830,0.122977498,-0.018886585,-0.030411142,0.056052858,-0.035353878,0.312259108,-0.764944301,1.065820179,-0.075333969,0.004698897,0.135967135,0.017335470,-0.245480245,0.551072876,1.106380514,0.115409600,-0.052923474,-0.119845136
-0.299712219,-0.903694839,0.788704529,0.014981595,0.008974194,0.703403946,0.710575756,0.058214309,-0.002305412,-0.004716472,0.119235997,-0.135867425,-0.075666423,0.054954479,-0.071169012,-0.152245908,0.160167522,-0.198141069,0.122946002,-0.020655029,-0.029447066,0.055509087,-0.032155623,0.311729331,-0.763634012,1.069162310,-0.075767582,0.005102931,0.134585986,0.016356755,-0.244950712,0.553493054,1.106360146,0.112582963,-0.053852651,-0.116755720
-0.300149384,-0.903806839,0.788668060,0.014024530,0.008691966,0.703662599,0.710342670,0.056966688,-0.000780941,-0.005626914,0.119160529,-0.137375476,-0.078176893,0.053251537,-0.069918762,-0.152987412,0.161545215,-0.198522127,0.122706665,-0.021267299,-0.028591446,0.053527731,-0.030054460,0.311410948,-0.764536941,1.071087042,-0.072633343,0.006819078,0.131640115,0.017105387,-0.244583198,0.554044474,1.105957795,0.114718842,-0.054259798,-0.117079496
-0.300608540,-0.904022675,0.788471069,0.013632100,0.007563837,0.703834147,0.710193247,0.057771075,0.001238466,-0.006133335,0.119229236,-0.138548535,-0.081084105,0.054317722,-0.067948150,-0.153180724,0.161529035,-0.199506283,0.121733966,-0.021533867,-0.027500574,0.053510119,-0.028413480,0.311190670,-0.766903084,1.072228994,-0.072177044,0.006942816,0.132353483,0.017837110,-0.243837053,0.552288079,1.106083110,0.115462815,-0.051789183,-0.119200235
-0.300909367,-0.903516159,0.788175964,0.013938911,0.007550834,0.706241983,0.707793015,0.057884693,-0.000663796,-0.012784686,0.119300044,-0.139931738,-0.081171186,0.057620420,-0.069847583,-0.159931902,0.161213916,-0.204569466,0.120318871,-0.028833059,-0.029005445,0.049908563,-0.024107105,0.311813229,-0.770984362,1.073015334,-0.071964123,0.006321526,0.133018621,0.021774894,-0.242902132,0.550495940,1.106014205,0.110760345,-0.047829675,-0.116878684
-0.301557064,-0.903710098,0.787956390,0.013422928,0.007220230,0.706353952,0.707694699,0.057472889,-0.000278627,-0.012609506,0.119344480,-0.141539780,-0.081505729,0.056524203,-0.069499199,-0.159932181,0.162530453,-0.206057341,0.119740891,-0.029403721,-0.028038470,0.048544696,-0.022325608,0.312226069,-0.770848924,1.073382900,-0.068529603,0.006447270,0.128688072,0.023330083,-0.242821777,0.549159437,1.107829417,0.111990252,-0.051907535,-0.117759656
-0.302218018,-0.903912811,0.787740555,0.013701972,0.006645653,0.706229838,0.707818838,0.058717252,-0.000821110,-0.012293781,0.119456273,-0.143403250,-0.079839956,0.058124344,-0.069768402,-0.159075504,0.161424176,-0.207446554,0.121965970,-0.030148346,-0.028129524,0.049294737,-0.020483428,0.312395785,-0.770695248,1.074375295,-0.070559019,0.006710061,0.134466758,0.023775238,-0.242922134,0.547912032,1.110575588,0.111316663,-0.051367372,-0.117849530
-0.302785282,-0.904446564,0.787589645,0.013863175,0.005615704,0.705192699,0.708857908,0.060566625,0.000300335,-0.009668682,0.119464846,-0.144897043,-0.081401545,0.058458625,-0.068786854,-0.156396232,0.162228267,-0.209626243,0.120917597,-0.027565083,-0.027276084,0.051618940,-0.020522362,0.312508830,-0.768328564,1.076495922,-0.072376179,0.006860594,0.133190254,0.024246238,-0.243193689,0.545472341,1.112374690,0.105705622,-0.049875140,-0.115760446
-0.303265629,-0.904883194,0.787462158,0.014016492,0.004913677,0.704753449,0.709296813,0.061725409,0.000845969,-0.008674229,0.119426114,-0.146647643,-0.083219690,0.062389060,-0.067911494,-0.155747266,0.155178603,-0.207994884,0.123853843,-0.026477746,-0.026981361,0.053235282,-0.020346560,0.312743123,-0.764610454,1.076608094,-0.072552714,0.008672167,0.130049431,0.024510978,-0.243705018,0.544871669,1.114742910,0.107309447,-0.049705434,-0.114325602
-0.303752995,-0.905423203,0.787360992,0.013257542,0.004242668,0.704161886,0.709903005,0.061320463,0.002958806,-0.007155481,0.119434877,-0.148786352,-0.085521762,0.065623539,-0.065228906,-0.154653555,0.145894882,-0.205394675,0.123512867,-0.026615789,-0.025511802,0.053553390,-0.019645946,0.313348525,-0.766543319,1.075678183,-0.071558080,0.008054575,0.135865266,0.023107240,-0.244429574,0.544028727,1.118065598,0.104941173,-0.050735266,-0.107447190
-0.304181423,-0.905956879,0.787249451,0.012659126,0.004418075,0.703723111,0.710347809,0.059636599,0.003244215,-0.005619356,0.119397335,-0.150039341,-0.085988054,0.067024221,-0.064445178,-0.153724412,0.138109270,-0.202770939,0.126152346,-0.026578293,-0.025402646,0.052792208,-0.020050046,0.314282311,-0.766620742,1.075411619,-0.071036585,0.006068427,0.135742229,0.023534007,-0.244726542,0.543892138,1.118707356,0.101864920,-0.050296626,-0.112343795
