-0.010096171,0.014935255,0.755523300,0.009655026,-0.013431703,-0.691014544,0.722651555,-0.022809172,0.128014933,0.068349759,0.312891074,-0.309395389,-0.123316640,-0.018682158,-0.102712073,-0.002985809,0.307422172,-0.323776466,0.137909599,-0.020295537,-0.022691106,0.132352914,-0.026105160,0.321902645,-0.625314749,1.001316947,-0.010911552,0.040224865,0.044376295,-0.162829253,-0.398046439,0.934696507,1.036805564,0.173731959,-0.037877851,-0.108114286
-0.011321870,0.013739955,0.754865952,0.010845586,-0.012100326,-0.689895356,0.723726712,-0.029016594,0.129773984,0.064105909,0.319241350,-0.313834529,-0.125623223,-0.026452709,-0.101339447,-0.005952426,0.321491743,-0.334036925,0.133168762,-0.024748582,-0.022066390,0.130092805,-0.026666161,0.322856765,-0.626623223,0.998311699,-0.011613897,0.039380614,0.044396556,-0.162365807,-0.399279793,0.933789023,1.035238904,0.171881753,-0.034778932,-0.108946716
-0.012754415,0.012241184,0.754422836,0.010925530,-0.011538127,-0.688212822,0.725334830,-0.031328590,0.132253127,0.058881457,0.323484629,-0.317441217,-0.129084492,-0.028170265,-0.099027964,-0.010266066,0.330554819,-0.341224784,0.128986454,-0.026411258,-0.022154635,0.132355253,-0.029426330,0.324464859,-0.629798657,0.995854066,-0.014529014,0.038838850,0.046620444,-0.160085343,-0.400113031,0.930371843,1.032997029,0.173432478,-0.033483276,-0.111053859
-0.014398789,0.010394692,0.754169846,0.011271775,-0.010124173,-0.685928527,0.727511171,-0.033981604,0.135323487,0.051773409,0.324043065,-0.318380780,-0.132651505,-0.026077064,-0.095809368,-0.017170037,0.329605307,-0.344917203,0.123659021,-0.030441305,-0.020312594,0.131991457,-0.029998203,0.325251025,-0.630502461,0.994641394,-0.012324741,0.038271973,0.044247535,-0.158244989,-0.400187522,0.928874438,1.031581113,0.175719103,-0.031146491,-0.105510290
-0.016197456,0.008309767,0.754013672,0.012439959,-0.008347586,-0.683830852,0.729486758,-0.037029719,0.138057122,0.045922971,0.322570269,-0.317979529,-0.135935208,-0.023385810,-0.093158589,-0.023940262,0.324064567,-0.347661960,0.120457764,-0.029948562,-0.019805825,0.131989739,-0.031396402,0.325865852,-0.630559656,0.992917742,-0.014013021,0.038920193,0.045689151,-0.157691353,-0.400044544,0.930672040,1.029412227,0.174981824,-0.029488505,-0.102597149
-0.018262990,0.006065671,0.753661346,0.013901271,-0.006841630,-0.682311396,0.730897466,-0.037926057,0.140724205,0.041973762,0.318118824,-0.317203765,-0.141901482,-0.024252853,-0.090723838,-0.028996761,0.326186766,-0.355463459,0.114608546,-0.028141204,-0.019305331,0.132903803,-0.030326223,0.326297018,-0.627938293,0.988721516,-0.012662277,0.038300451,0.044660820,-0.160249535,-0.399870936,0.932555599,1.023875519,0.169417042,-0.024551534,-0.099203183
-0.020427547,0.003638000,0.753102188,0.015782279,-0.005780113,-0.680827347,0.732251073,-0.037876437,0.142166754,0.038211809,0.312819760,-0.316790175,-0.147957495,-0.027655109,-0.089703164,-0.033848169,0.334754849,-0.367964380,0.107575629,-0.027097856,-0.019053543,0.135254104,-0.027268298,0.327299308,-0.625123706,0.981563345,-0.023660027,0.036659390,0.050212538,-0.168165790,-0.400164413,0.936847800,1.015175646,0.168653016,-0.023813044,-0.097380070
-0.023045042,0.000927412,0.752274704,0.017690039,-0.004461605,-0.679614099,0.733342916,-0.040783866,0.145070319,0.034553095,0.313752202,-0.318728886,-0.153499072,-0.034075232,-0.087712942,-0.038413178,0.349679979,-0.385392907,0.097962825,-0.022413518,-0.019315095,0.139538222,-0.023864112,0.329759926,-0.624792617,0.973501373,-0.022662118,0.036802117,0.052193958,-0.181266964,-0.401422569,0.942498391,1.002750194,0.166408260,-0.024219428,-0.097786504
-0.026136403,-0.002084316,0.751214218,0.018812456,-0.003179164,-0.678763633,0.734108926,-0.046002324,0.150609907,0.030721390,0.323829210,-0.324605009,-0.160416074,-0.038494762,-0.083452866,-0.042437393,0.363575680,-0.403359588,0.088834665,-0.015576549,-0.018604590,0.146152842,-0.019293784,0.333521599,-0.624887772,0.967913876,-0.029298324,0.035401107,0.054921693,-0.201371865,-0.403001725,0.950878938,0.985995312,0.153740870,-0.025966358,-0.100475254
-0.029741263,-0.005298661,0.749812393,0.018802925,0.000606088,-0.677398572,0.735375589,-0.069947967,0.162522529,0.020076161,0.366343807,-0.341455203,-0.163956527,-0.040198895,-0.072034264,-0.047976658,0.367189402,-0.417189943,0.082127576,-0.006149367,-0.013555874,0.152206778,-0.016521148,0.337192986,-0.627505661,0.968486431,-0.032931289,0.032893241,0.060480566,-0.229449117,-0.404225149,0.961185911,0.965312008,0.149456218,-0.025778815,-0.110589271
-0.033461921,-0.008908384,0.748272400,0.016374519,0.005931150,-0.674550752,0.738023021,-0.109878399,0.179481562,-0.001069302,0.440788139,-0.363350149,-0.166525529,-0.032417765,-0.053696486,-0.058237516,0.356365481,-0.425327227,0.074953322,0.001208787,-0.001511223,0.160239447,-0.011973416,0.339897723,-0.627800814,0.971048138,-0.038107110,0.028438517,0.078056561,-0.263772133,-0.405007807,0.961039373,0.938829534,0.133508692,-0.027392185,-0.112519654
-0.037339501,-0.012588170,0.746490936,0.013241962,0.011962695,-0.670532396,0.741665592,-0.168332329,0.196625093,-0.028719445,0.548353304,-0.379337068,-0.175568918,-0.021254173,-0.032868208,-0.071303507,0.338787886,-0.430104542,0.067794374,0.010795586,0.012738923,0.170052979,-0.006543708,0.341896282,-0.611669713,0.972083031,-0.035911504,0.022244832,0.079481805,-0.303801434,-0.406124084,0.955690462,0.905094676,0.132616333,-0.029031142,-0.123779824
-0.041001668,-0.016555319,0.744949188,0.011342210,0.017139336,-0.665402159,0.746202094,-0.244512931,0.207391611,-0.053643700,0.685388738,-0.373081808,-0.174817937,-0.010050208,-0.015712978,-0.084911513,0.320774325,-0.433725070,0.061212966,0.021060551,0.025489324,0.182800576,-0.001705120,0.342194192,-0.594140062,0.969177319,-0.034495441,0.023522008,0.088668616,-0.351782630,-0.407368050,0.945713637,0.869159778,0.118266523,-0.027602942,-0.138454516
-0.044070001,-0.021298876,0.743506470,0.010902800,0.021523642,-0.658996603,0.751758830,-0.326558416,0.221625958,-0.049602924,0.827029903,-0.348308884,-0.172562798,0.002432742,-0.003670249,-0.101152868,0.301548494,-0.438080976,0.058226901,0.030986689,0.037226639,0.195995222,0.004210586,0.339693589,-0.566662506,0.962536516,-0.037741328,0.024252097,0.083408599,-0.404814267,-0.410727024,0.931830677,0.829492127,0.115818728,-0.036775883,-0.153034448
-0.046334929,-0.027802932,0.742307816,0.012386688,0.024686549,-0.652946012,0.756900687,-0.397811553,0.237505120,-0.015596897,0.932701160,-0.348609656,-0.148837088,0.017427989,0.002568350,-0.115819229,0.280181492,-0.439820423,0.058686923,0.046321963,0.044758180,0.208033246,0.010458934,0.334650530,-0.545771316,0.954795457,-0.044654221,0.022430832,0.091766997,-0.459860468,-0.416272825,0.918886652,0.789117111,0.101547776,-0.040366731,-0.164213980
-0.047962246,-0.035895445,0.741905594,0.017540940,0.026002574,-0.647577829,0.761353490,-0.453601386,0.225593929,0.011279475,0.973994917,-0.367111228,-0.127629261,0.028023422,-0.000937106,-0.126798875,0.267651669,-0.445975659,0.055290816,0.063082833,0.045046405,0.219784600,0.016887312,0.328128252,-0.522687347,0.945536241,-0.043430274,0.022195546,0.089917967,-0.517745290,-0.422002985,0.912591127,0.757765674,0.094903842,-0.046387148,-0.175226222
-0.048803377,-0.045875993,0.741758194,0.025420767,0.026711731,-0.641071004,0.766595223,-0.495530391,0.187140346,0.025983205,0.950649899,-0.370502735,-0.134645930,0.040439544,-0.010595981,-0.139422184,0.252085915,-0.451395848,0.053511016,0.079919068,0.040904125,0.229259312,0.019789808,0.321805832,-0.512878981,0.940389510,-0.052148194,0.021472534,0.098071150,-0.573241961,-0.426031554,0.907491973,0.738733470,0.090893372,-0.050715018,-0.182430784
-0.049094505,-0.057387838,0.741266785,0.034643157,0.028167913,-0.633720966,0.772272075,-0.525891684,0.132819807,0.023507334,0.871694973,-0.362080422,-0.170789072,0.051278000,-0.021925519,-0.154147794,0.239140214,-0.458413870,0.050290943,0.097085510,0.035728000,0.237484613,0.019329265,0.317319079,-0.501096769,0.933420061,-0.049094230,0.024408430,0.088106612,-0.622945186,-0.429034184,0.896724339,0.725953942,0.098776630,-0.051841738,-0.181329237
-0.048621082,-0.070567107,0.740057678,0.045413477,0.031441523,-0.627361809,0.776766508,-0.553548713,0.079218931,0.012461394,0.772274771,-0.340673784,-0.183540255,0.055598020,-0.033960337,-0.166722559,0.232681868,-0.465924091,0.046297990,0.118288189,0.029952649,0.242530953,0.015322283,0.314092856,-0.496213425,0.925486754,-0.045294657,0.021908645,0.089768724,-0.668151831,-0.433601222,0.891872550,0.721689021,0.121197164,-0.059158712,-0.182887991
-0.047252092,-0.085948715,0.738677521,0.057298040,0.034263612,-0.624452367,0.778204459,-0.566911966,0.038345666,0.017192711,0.660905975,-0.314891344,-0.186477278,0.060181199,-0.048923176,-0.171291936,0.228109472,-0.473629249,0.045087733,0.143793244,0.020522948,0.248832473,0.011947620,0.312345781,-0.485877149,0.910503486,-0.050153237,0.021239039,0.090209594,-0.710941894,-0.440919475,0.901756402,0.729554958,0.140849990,-0.068319735,-0.187537880
-0.045775614,-0.103283424,0.737003250,0.069957632,0.038262976,-0.623547872,0.777708124,-0.576883329,0.004649872,0.022185187,0.564446636,-0.292688801,-0.172702982,0.068473225,-0.062408209,-0.172391825,0.212185096,-0.476070702,0.050361353,0.171289362,0.006792646,0.254886435,0.003842103,0.314834376,-0.472710996,0.893500262,-0.061999122,0.026168472,0.082280169,-0.749954890,-0.447355865,0.926397432,0.756854525,0.148941581,-0.075965571,-0.193129775
-0.043842010,-0.123423615,0.734753036,0.082453414,0.040476944,-0.624351794,0.775724106,-0.580187289,-0.027391946,0.018357352,0.506672049,-0.291797967,-0.149859764,0.091088531,-0.077470942,-0.171879030,0.181794193,-0.474799579,0.060081701,0.197693340,-0.013120780,0.262491009,-0.008748339,0.323320708,-0.474254024,0.882701665,-0.073735391,0.024713017,0.082514786,-0.775305448,-0.450982659,0.959157105,0.795057775,0.140728149,-0.076052956,-0.194847353
-0.041149755,-0.145786266,0.731890259,0.096763441,0.041488726,-0.628153451,0.770933697,-0.581835316,-0.055257355,0.020127418,0.501779664,-0.317516441,-0.101370468,0.099568128,-0.101786817,-0.162455090,0.185669217,-0.487020985,0.072860733,0.224664436,-0.042719717,0.271273262,-0.027101295,0.337478365,-0.479456013,0.873413966,-0.077291330,0.031635574,0.071827044,-0.785234382,-0.451498247,0.997491918,0.841421958,0.147531818,-0.070464824,-0.194373147
-0.037985988,-0.169436264,0.728780899,0.111508181,0.043269668,-0.635186857,0.763040836,-0.579988357,-0.067741681,0.047006099,0.540420084,-0.365111762,-0.019642480,0.079405384,-0.130996774,-0.138907788,0.245443454,-0.512566462,0.088310297,0.247472853,-0.078782038,0.279278075,-0.050389174,0.354940524,-0.495554755,0.868695398,-0.080239130,0.033410159,0.074824557,-0.783018756,-0.447891105,1.039982709,0.889077004,0.175297868,-0.056626640,-0.180505826
-0.033103530,-0.195235977,0.726342239,0.131170855,0.042366054,-0.642297332,0.753958528,-0.561551623,-0.089065993,0.086630500,0.540711310,-0.396529765,0.037850624,0.036475606,-0.178349978,-0.107919827,0.352206343,-0.538850457,0.108382875,0.257311291,-0.130249035,0.287088929,-0.078970342,0.371267259,-0.517133919,0.869427494,-0.093312379,0.039075705,0.077752020,-0.761267067,-0.440926857,1.071538053,0.928802339,0.190075920,-0.037876696,-0.160878656
-0.027552485,-0.222515221,0.724852600,0.147980120,0.041227887,-0.643676442,0.749721804,-0.539768361,-0.117121384,0.104994377,0.538550400,-0.423862965,0.052053785,-0.014022682,-0.220652605,-0.082252247,0.491409354,-0.537544393,0.127001908,0.244927552,-0.177335505,0.296433771,-0.121068237,0.382620486,-0.552444967,0.887433428,-0.108778030,0.037785987,0.082246995,-0.715016138,-0.434811887,1.089793149,0.956742093,0.205288000,-0.027341291,-0.157563543
-0.022608683,-0.251497154,0.724099426,0.155749847,0.040568412,-0.641601998,0.749962043,-0.491655131,-0.131038212,0.114481614,0.514148743,-0.440745203,0.042248086,-0.076415960,-0.240971257,-0.051390379,0.681921257,-0.489580092,0.141595682,0.212998865,-0.209465882,0.310091322,-0.170513903,0.387641118,-0.584398402,0.912926091,-0.118035003,0.045073440,0.080145013,-0.648317072,-0.430230310,1.107401776,0.976232987,0.223032588,-0.022219619,-0.163809727
-0.016898366,-0.281823959,0.723328476,0.158727494,0.041119057,-0.642465101,0.748567565,-0.432363085,-0.136310970,0.119779782,0.483560015,-0.457289424,0.031447287,-0.185799898,-0.242968751,0.001129249,0.951592778,-0.379950324,0.149100424,0.173834846,-0.232567863,0.321265077,-0.217026998,0.385841578,-0.608250560,0.931267284,-0.128667016,0.054135211,0.080922837,-0.571201985,-0.426668268,1.139908307,0.998884481,0.239441807,-0.010741291,-0.158278709
-0.010129975,-0.312906570,0.720704346,0.161115281,0.043520515,-0.639368740,0.750570080,-0.389522932,-0.148371033,0.104063710,0.477975258,-0.480808067,0.039994613,-0.314420524,-0.240770771,0.043740957,1.230588371,-0.260668833,0.199486665,0.108543422,-0.247602810,0.318419440,-0.259673908,0.380450745,-0.618985679,0.930411113,-0.146231451,0.059654842,0.076718024,-0.484028060,-0.424773835,1.170450609,1.029487067,0.219163996,0.007712715,-0.138613124
-0.002966204,-0.345820236,0.715423126,0.162297369,0.040126775,-0.632464709,0.756331804,-0.339336129,-0.170310660,0.078793535,0.485321262,-0.510893494,0.049456179,-0.437493987,-0.232961173,0.094034945,1.467946692,-0.251935625,0.207611609,0.030788245,-0.262175454,0.316561571,-0.306333733,0.378442307,-0.638984028,0.914026189,-0.169224838,0.045574310,0.083572962,-0.376836570,-0.427119872,1.164868173,1.060489926,0.212423151,0.032598300,-0.119142079
0.003793386,-0.381115036,0.708929214,0.160916341,0.036862053,-0.630452030,0.758470407,-0.281125157,-0.179998790,0.060546967,0.498627983,-0.552696975,0.050864467,-0.562622470,-0.238340313,0.122715700,1.619023090,-0.329918855,0.203928110,-0.033305614,-0.270218175,0.314846663,-0.358610986,0.380941950,-0.646383160,0.875852819,-0.193715577,0.038318576,0.095489955,-0.251506483,-0.437995455,1.128387126,1.096279945,0.216160354,0.043305040,-0.123835928
0.010729229,-0.418490791,0.701685028,0.155415878,0.039088774,-0.636152148,0.754737317,-0.217958637,-0.166319894,0.058635774,0.510088060,-0.598698373,0.038292681,-0.711199103,-0.225002786,0.144959333,1.691558695,-0.365217564,0.207386951,-0.077327413,-0.262624178,0.312930850,-0.408307299,0.385478986,-0.624455018,0.816782046,-0.186585192,0.034770826,0.113725863,-0.123690123,-0.460203984,1.078683780,1.135503183,0.240698741,0.052710371,-0.110476043
0.016757247,-0.458100166,0.693301086,0.147139368,0.041220466,-0.639593346,0.753373235,-0.143940794,-0.146355544,0.046181335,0.515567818,-0.633864314,0.007830040,-0.855681979,-0.197651382,0.155956042,1.691573460,-0.387496657,0.202016747,-0.125001500,-0.248158872,0.313160344,-0.452303315,0.393586477,-0.578544987,0.735535154,-0.163125366,0.040398206,0.132236576,0.002227563,-0.493108153,1.030352925,1.167076014,0.241191535,0.060230297,-0.082511226
0.021284647,-0.500619431,0.684786682,0.138545360,0.043725474,-0.636113327,0.757794894,-0.059929409,-0.123606172,0.014761363,0.501267113,-0.649362559,-0.034961200,-0.976950492,-0.201135757,0.130662423,1.628874601,-0.405045401,0.210539382,-0.182285381,-0.230480955,0.313553863,-0.496013725,0.410923862,-0.537801340,0.643224969,-0.147589981,0.040248099,0.156899515,0.127346579,-0.531736094,0.964884036,1.173660444,0.199238654,0.092174678,-0.050673476
0.024879885,-0.547663612,0.678616943,0.129054497,0.053128106,-0.627512909,0.765996012,0.028284253,-0.083694639,-0.022780437,0.460376405,-0.638136933,-0.058417322,-1.068686045,-0.212055427,0.081117074,1.518281813,-0.396148725,0.218360516,-0.243406637,-0.195788243,0.309081282,-0.532789313,0.438744899,-0.511106756,0.552862711,-0.130804713,0.039700858,0.169452062,0.252376460,-0.569455818,0.875730995,1.150003291,0.149834562,0.122161281,-0.026748763
0.028169065,-0.599558640,0.675968399,0.118911305,0.069264259,-0.618451682,0.773679573,0.121064648,-0.026179190,-0.056894309,0.389498026,-0.580512915,-0.080274349,-1.113627715,-0.218583779,0.010103177,1.368081291,-0.364060620,0.250775766,-0.303444462,-0.145758101,0.304291662,-0.540942950,0.473056205,-0.488644892,0.472102801,-0.122397003,0.035126765,0.196327009,0.352336912,-0.596712014,0.795783047,1.116339014,0.134517290,0.145806813,-0.008249757
0.030498400,-0.656592102,0.675939484,0.105653944,0.085922437,-0.616343034,0.775613205,0.216100088,0.040364355,-0.078104156,0.325797540,-0.469695538,-0.108269324,-1.100759175,-0.216801623,-0.091970683,1.227167002,-0.315923846,0.261799964,-0.339759406,-0.092348448,0.310297515,-0.498654146,0.499668304,-0.457962510,0.419349910,-0.194422593,0.013929353,0.243602934,0.404780373,-0.607283561,0.778776210,1.082292632,0.138507951,0.168304980,0.017011932
0.032550652,-0.719350662,0.677596130,0.090957817,0.098825511,-0.623422182,0.770262927,0.288888800,0.094670708,-0.084176280,0.331123429,-0.318160084,-0.133660501,-1.034624636,-0.210651380,-0.213998485,1.158098913,-0.270463691,0.243815079,-0.345863939,-0.040483095,0.323070637,-0.407612519,0.509550010,-0.441393017,0.402514569,-0.256980726,0.017212017,0.303031849,0.408209631,-0.599821109,0.794711066,1.048709966,0.155913386,0.160823381,0.038342056
0.034447801,-0.784706268,0.679448242,0.092360750,0.110135854,-0.632046046,0.761483671,0.247638895,0.106887925,-0.069564293,0.511210708,-0.171225422,-0.157543332,-0.967389474,-0.184464721,-0.262346025,1.158931540,-0.239353651,0.136582722,-0.334179065,-0.003112228,0.315134887,-0.287766239,0.498767994,-0.438534482,0.432001453,-0.237923458,0.011347974,0.326881180,0.369409059,-0.565207250,0.777730199,1.012232498,0.262235388,0.112731043,0.021867923
0.036227248,-0.849997253,0.678268585,0.103997110,0.102338864,-0.640346832,0.754100320,0.123002980,0.076713993,-0.042478230,0.853411969,-0.025081015,-0.203402661,-0.863893299,-0.130979944,-0.193709399,1.180147483,-0.448818381,0.004723614,-0.301716115,-0.006837856,0.314518821,-0.180745233,0.462454691,-0.453880621,0.528327257,-0.292635202,0.006410170,0.321834490,0.287570291,-0.498210832,0.715542756,0.973571273,0.389772741,0.075758278,-0.024630598
0.037790701,-0.911388855,0.669961090,0.106136468,0.099944007,-0.658996980,0.737881580,-0.055624231,0.052220703,-0.031087230,1.266291001,-0.151380836,-0.091745300,-0.763324112,-0.082915348,-0.165931594,1.193435897,-0.595879632,-0.019108701,-0.222032532,0.003752109,0.328231715,-0.106989334,0.418084826,-0.494179541,0.677636125,-0.370320679,0.031577698,0.296821165,0.137926529,-0.425875208,0.673371168,0.941317257,0.449814266,0.029809178,-0.105256856
0.040204329,-0.969768448,0.659601746,0.076122720,0.114076780,-0.688892808,0.711771395,-0.247163755,0.187013321,0.025622706,1.659930117,-0.352439677,0.026098568,-0.653769271,0.045458491,-0.140315658,1.197371876,-0.648336061,-0.017468297,-0.115698504,0.073536429,0.389473591,-0.041159841,0.379434667,-0.511282947,0.819103665,-0.403769251,0.061049889,0.226972948,-0.099449077,-0.383542334,0.699068541,0.915257362,0.441254491,-0.020094091,-0.203635784
0.043065448,-1.028096542,0.649202957,0.055697781,0.123960646,-0.713610440,0.687234789,-0.509435254,0.287810309,0.018636690,1.948792755,-0.568401552,0.202427580,-0.534228948,0.140962747,-0.088676130,1.173805655,-0.701015980,-0.005440679,-0.026436553,0.122025707,0.437726447,0.026362127,0.351525194,-0.507370966,0.958998786,-0.453429733,0.059844509,0.126415769,-0.392419846,-0.370105219,0.790863435,0.916618474,0.399899403,-0.040633921,-0.244554627
0.045904131,-1.090189590,0.640279922,0.061973653,0.111955441,-0.735786432,0.665013964,-0.803345663,0.265397349,0.025954191,2.033758001,-0.652094278,0.208735689,-0.392734041,0.135620248,-0.016312177,1.132982753,-0.790837307,-0.006484969,0.048813866,0.092726634,0.461443185,0.107877831,0.346968052,-0.485143413,1.060016541,-0.483264915,0.077689457,0.065650741,-0.687095635,-0.358100251,0.876726286,0.945546259,0.308501152,-0.027982024,-0.174941280
0.049874601,-1.159419632,0.635493584,0.074839609,0.096932555,-0.763758856,0.633778765,-1.069584279,0.247970411,0.062819580,1.932424534,-0.640565401,0.165989940,-0.247871224,0.095398423,0.086283947,1.065464115,-0.822515173,0.015993205,0.139279299,0.041321857,0.463377272,0.220045248,0.362049966,-0.439543946,1.053465308,-0.491168813,0.111978883,0.080691434,-0.934295640,-0.345365683,0.940006445,0.941593490,0.135584472,0.012595233,-0.121970855
0.050413594,-1.239875107,0.640211258,0.097195320,0.087140226,-0.783104186,0.608035760,-1.254873651,0.278303658,0.131052201,1.682572972,-0.606773663,0.145690522,-0.094400461,0.017087399,0.168526584,0.913632827,-0.750193651,0.050056361,0.214379211,-0.033246452,0.434224130,0.315674246,0.395994612,-0.415130193,1.017647731,-0.605955243,0.083892828,0.052644752,-1.094360676,-0.339203274,0.980566064,0.881529956,0.028628362,0.029409487,-0.169448031
0.046767583,-1.330028687,0.651609573,0.122125909,0.077221990,-0.774660768,0.615648212,-1.322871957,0.218200347,0.198650059,1.308509294,-0.521865838,0.093247474,0.099398618,-0.077603440,0.166029419,0.671734992,-0.536628828,0.079811975,0.216997205,-0.118459886,0.392979556,0.348983261,0.440759079,-0.418019969,1.017771213,-0.659216793,0.086269958,0.016392476,-1.136162045,-0.346694995,0.971507858,0.789554892,0.063008812,-0.002216682,-0.297742541
0.040613780,-1.428438263,0.664932175,0.119049372,0.073215839,-0.760642195,0.633948058,-1.249665518,0.131918128,0.187142266,0.913886161,-0.407186013,-0.037383120,0.287019221,-0.091437189,0.109726389,0.503380759,-0.147727408,0.100748677,0.203743890,-0.160359386,0.367891234,0.337154537,0.467163432,-0.396374344,1.044169754,-0.731293375,0.098863076,0.040781386,-1.060570753,-0.361784850,0.924572987,0.696580871,0.005411222,-0.018725327,-0.331067404
0.037357316,-1.525370178,0.675462875,0.099821194,0.085076355,-0.747133255,0.651605435,-1.148843607,0.133398454,0.187962082,0.787569109,-0.388148537,-0.003010172,0.349725323,-0.046268513,-0.007762719,0.600627050,0.009347966,0.207638531,0.180726174,-0.153434163,0.336616207,0.263990684,0.456639550,-0.361403478,1.062982833,-0.847771990,0.101129447,0.084697553,-0.899021018,-0.364305821,0.887236973,0.655251055,0.068103899,-0.021800662,-0.363172177
0.037282293,-1.621926727,0.683312759,0.081758578,0.085686167,-0.735831711,0.666727162,-0.983701461,0.127112795,0.195113760,0.842344662,-0.418933178,0.011939354,0.239808850,0.003358380,-0.013421531,1.026907401,-0.106328662,0.095993440,0.136086191,-0.157330262,0.322564597,0.131162610,0.420868294,-0.321569986,1.049586732,-0.908486287,0.079836800,0.068587970,-0.694765310,-0.335837162,0.882719066,0.703240280,0.208833602,-0.017482324,-0.403724676
0.040942574,-1.715919495,0.686699066,0.083263506,0.061071837,-0.715726471,0.690704740,-0.901169518,0.027124535,0.182082068,1.013988648,-0.478980533,0.102672013,0.098923161,-0.147001561,-0.148676954,1.442097668,-0.287103416,0.044415011,0.057715757,-0.204154845,0.330366323,-0.084778979,0.397203323,-0.367005043,0.994232009,-0.913478767,0.030192360,0.092817447,-0.498931042,-0.295567844,0.910869796,0.840570290,0.337368374,0.012690987,-0.390694222
0.043015409,-1.803523254,0.688933716,0.084685719,0.027657622,-0.685089043,0.722991278,-0.760665452,-0.087916449,0.168631723,1.091391644,-0.536994178,0.136360714,-0.143305267,-0.240340024,-0.120946146,1.759887567,-0.453512601,-0.033795079,-0.029129434,-0.253992338,0.375730380,-0.390427414,0.401693409,-0.413416384,0.887489313,-0.918554568,-0.035357857,0.128705204,-0.333052123,-0.284749350,0.994849594,1.020456751,0.391317130,0.068171810,-0.238466256
0.048646483,-1.890330505,0.686492233,0.067664742,0.005441437,-0.665542781,0.743266224,-0.559081738,-0.149910989,0.122176193,1.114681318,-0.674611993,0.148497692,-0.464381395,-0.198554485,0.031689111,1.869451658,-0.526280544,0.056261456,-0.081525900,-0.253990889,0.411336283,-0.719930200,0.413331963,-0.428110172,0.748164112,-0.872334462,-0.086302063,0.115150942,-0.147739800,-0.338399393,1.134473962,1.154202640,0.329786891,0.128711610,-0.039305935
0.050243993,-1.977699585,0.687076187,0.056124479,0.009765139,-0.654223880,0.754152372,-0.373667139,-0.142333730,0.058655041,1.076762766,-0.768593889,0.120652923,-0.853676020,-0.187957771,0.116440294,1.774488468,-0.485968814,0.047399275,-0.130490903,-0.244056440,0.392008804,-1.087878384,0.473216932,-0.502497117,0.640962080,-0.788994240,-0.144905403,0.083536624,0.054257867,-0.461404736,1.146558447,1.198900697,0.113874251,0.110170972,0.045995697
0.047928152,-2.072231293,0.700393600,0.042974608,0.038621238,-0.638612899,0.767355946,-0.193785268,-0.066003177,-0.024740960,0.952274504,-0.764546017,0.073900965,-1.123751986,-0.203467378,0.072937449,1.444808688,-0.379966800,0.008188808,-0.211389060,-0.214717875,0.352768305,-1.437235529,0.588154735,-0.642718317,0.538536804,-0.768823574,-0.190938680,0.097208364,0.243281322,-0.627212114,1.013740462,1.168862603,0.063318652,0.127688951,-0.045669388
0.048074698,-2.174342194,0.720372543,0.028725011,0.063610780,-0.642607940,0.763009553,0.021689406,0.026465037,-0.057455768,0.751091396,-0.619029539,0.032298046,-1.221080795,-0.129511555,0.054042672,0.984769916,-0.203816408,0.064936863,-0.260791705,-0.181006508,0.323322104,-1.706084302,0.717137219,-0.755643267,0.445242987,-0.784283596,-0.229319229,0.095452271,0.435783965,-0.811678633,0.785676369,1.135763935,0.085145563,0.103404283,-0.150841686
0.048161197,-2.277411652,0.742417603,0.023276766,0.077070496,-0.650927594,0.754858661,0.154626188,0.083519319,-0.010196673,0.676665896,-0.344416433,0.038595094,-1.215331750,-0.087801947,0.000087091,0.526273824,0.029510072,0.133540417,-0.291818702,-0.160594447,0.309570341,-1.923583219,0.831774354,-0.842058253,0.367842626,-0.830295188,-0.243360752,0.076577560,0.663130641,-0.982113490,0.517935269,1.090655272,0.157209852,0.136137907,-0.128424194
0.046135349,-2.374571838,0.762192688,0.038727605,0.071102444,-0.635967457,0.767456845,0.156740271,0.096292531,0.051825123,0.791515647,-0.180076597,-0.037384359,-1.187787313,-0.145913487,-0.085227820,0.211330766,0.193594434,0.185786738,-0.365032035,-0.186760876,0.311115464,-2.127056845,0.923876478,-0.920771485,0.325112428,-0.857529009,-0.234605334,0.039926627,0.941648590,-1.073589286,0.194271447,1.034925967,0.187460675,0.186969504,-0.056011075
0.045087676,-2.466185150,0.776455688,0.047477969,0.073872897,-0.614101132,0.784326741,0.034635729,0.017150015,-0.086202527,1.003369367,-0.247124485,-0.003351974,-1.195837121,-0.194223756,-0.117695533,0.111496956,0.247662552,0.178801948,-0.416049353,-0.180770365,0.342040499,-2.298913133,0.983523699,-0.978559232,0.327295311,-0.855086106,-0.223239811,0.012604042,1.215548695,-1.072619895,-0.054998082,0.993110286,0.234506243,0.205416989,-0.011533499
0.043753223,-2.554823914,0.785984802,0.040013190,0.090741782,-0.604380660,0.790499141,-0.103697668,0.050036478,-0.073716067,1.113045857,-0.363667729,-0.041139531,-1.243497961,-0.180696747,-0.080558447,0.220852951,0.203566565,0.153565674,-0.396706270,-0.126893634,0.402830893,-2.402635258,1.010726453,-0.983234899,0.348496699,-0.822506377,-0.199969249,0.028752175,1.462540290,-1.024056353,-0.146714768,0.957543129,0.396093852,0.200845317,0.007402288
0.040530162,-2.643484497,0.792839966,0.036510895,0.109873135,-0.593027275,0.796814596,-0.279588901,0.056168381,-0.089737727,1.127522316,-0.454281646,-0.070540728,-1.292093425,-0.160391884,-0.034854239,0.378960461,0.195473159,0.118952636,-0.369827781,-0.079879660,0.461290521,-2.421497904,1.020263281,-0.946816545,0.325877371,-0.812699424,-0.177925933,0.133765402,1.572374279,-0.960933309,-0.078844341,0.953103151,0.486166978,0.242366316,0.003611568
0.034868903,-2.734144592,0.794708099,0.043296273,0.128732082,-0.559097215,0.817902065,-0.469397192,0.005010055,-0.150231519,1.057185198,-0.485100390,-0.134929947,-1.307917558,-0.192449236,-0.013493402,0.447703674,0.242619720,0.094918689,-0.408215408,-0.055655722,0.513445113,-2.318954924,1.005034515,-0.794540023,0.241453439,-0.741251107,-0.165821219,0.188406163,1.505737695,-0.906492039,0.080081129,0.970371072,0.408984086,0.314127116,0.013810546
0.029246573,-2.828528748,0.787699814,0.052746691,0.142369171,-0.518148863,0.841706933,-0.615264690,-0.030286013,-0.127740910,0.940880645,-0.476438147,-0.154881251,-1.264442785,-0.241058157,-0.020273303,0.398116549,0.254749026,0.131505253,-0.481424692,-0.052956613,0.519999942,-2.035911737,0.928281812,-0.560228629,0.133978624,-0.711615015,-0.196907872,0.182700246,1.328355782,-0.889556184,0.309784859,1.022640681,0.408538433,0.287555491,0.048673418
0.025830493,-2.926362915,0.771186676,0.056304384,0.145995454,-0.485527995,0.860103314,-0.684079793,-0.043144850,-0.031062105,0.836151116,-0.457017554,-0.112937254,-1.217538894,-0.262083780,0.003297906,0.370531655,0.228850294,0.156858761,-0.559490424,-0.092259588,0.519999942,-1.728273022,0.796293416,-0.421344734,0.124374908,-0.658856068,-0.228743620,0.221890951,1.035673666,-0.868597450,0.571115103,1.037970694,0.476086480,0.240057612,0.013627489
0.025611315,-3.026595459,0.745902100,0.058483813,0.152209357,-0.464057538,0.870667880,-0.757920398,-0.069992485,0.061388190,0.857897133,-0.391757058,0.139704182,-1.224203084,-0.245682162,0.062684837,0.423687123,0.194281832,0.142899775,-0.623859860,-0.127624566,0.519999942,-1.427395014,0.671989583,-0.303360390,0.275015754,-0.496003602,-0.206715715,0.267044617,0.728736014,-0.779289738,0.718248418,0.967576765,0.629084992,0.125294930,-0.088727687
0.029067793,-3.127929077,0.712387466,0.047818622,0.156125358,-0.460698087,0.872407889,-0.742491582,0.076450683,0.176807072,1.150626740,-0.669003779,0.261799964,-1.246095796,-0.178384902,0.098704124,0.548940991,0.128916494,0.129164762,-0.655928941,-0.139901893,0.519999942,-1.127628257,0.575236960,-0.164094896,0.628831308,-0.488153268,-0.119187702,0.239434791,0.449960332,-0.614617766,0.710290764,0.830223891,0.752481027,-0.054488019,-0.144450675
0.038770080,-3.224287109,0.682258911,0.078589339,0.145999603,-0.467266894,0.868429319,-0.618541807,0.061166901,0.144561494,1.206599344,-0.839639890,0.261799964,-1.316684940,-0.117069698,0.222488325,0.709495365,0.096377622,0.156521180,-0.661769633,-0.166117419,0.519999942,-0.876610903,0.524320085,-0.201990305,1.083800509,-0.647603023,0.046460947,0.068039858,0.136080274,-0.375613198,0.581699425,0.656123196,0.672925080,-0.170652116,-0.192450179
0.054970531,-3.322563782,0.666417618,0.139424376,0.172969347,-0.489578489,0.843181684,-0.486755381,0.048162095,0.211540799,1.037676257,-0.872669949,0.231704623,-1.369410638,-0.089365605,0.242762872,0.651927250,0.189232402,0.182811179,-0.588100996,-0.120618570,0.519999942,-0.604097200,0.483298320,-0.582825302,1.336016905,-0.540557424,0.244116742,-0.183850226,-0.335141177,-0.201330309,0.546783817,0.537647524,0.523689498,-0.237067409,-0.214197697
0.074863276,-3.423768311,0.661144943,0.213078720,0.217250196,-0.504864031,0.807782224,-0.336391374,0.003383698,0.245348577,0.675792638,-0.746991914,-0.021528413,-1.418476835,-0.131414316,0.167592344,0.574836127,0.174321479,0.261799964,-0.470227061,-0.012130059,0.519999942,-0.267014990,0.437847992,-0.733698422,1.307230840,-0.363648879,0.221253243,-0.109143659,-0.886208905,-0.236976530,0.622335717,0.404654308,0.375014568,-0.275051847,-0.318941031
0.084691553,-3.523884888,0.671893387,0.267699066,0.261138115,-0.505800790,0.777373562,-0.163424603,-0.034859527,-0.017815338,0.206433791,-0.307076719,-0.239811363,-1.564230834,-0.072863089,0.183443983,0.840313028,-0.014434728,0.234618485,-0.272512865,0.196272118,0.519999942,-0.022782671,0.424106770,-0.714721527,1.212066588,-0.242634608,0.186202720,-0.155969673,-1.371251088,-0.451142828,0.804457613,0.393669572,0.430150549,-0.404303776,-0.569631486
0.092519455,-3.617481995,0.688408432,0.336962706,0.260486965,-0.444751389,0.787907912,-0.053751909,0.021521048,-0.159456265,0.120781305,-0.097532367,-0.261799964,-1.601178495,-0.194828451,0.240239021,1.007422772,-0.223395844,0.163517454,-0.223062503,0.361410372,0.519999942,0.154345068,0.510493325,-0.588699487,1.099297113,-0.042450642,0.151135914,-0.187794810,-1.603587922,-0.668285593,0.930701833,0.607576095,0.430337875,-0.386201465,-0.799836365
0.081005058,-3.711594238,0.714843140,0.410469309,0.216655471,-0.355375602,0.811346741,-0.039862873,0.295073566,0.128215110,0.368080253,-0.114528535,-0.261799964,-1.559635470,-0.394976422,0.324576054,1.087831661,-0.360444298,0.088205794,-0.242933181,0.367628945,0.519999942,0.550856438,0.746764951,-0.088801417,0.723001822,-0.194133758,0.082712839,-0.141410102,-1.476045369,-0.886381430,0.985629142,0.919848258,0.673296329,-0.351204053,-0.830006650
0.083186121,-3.799106140,0.756828842,0.476581550,0.184788855,-0.295905594,0.806946705,-0.008931126,0.446795806,0.109958509,0.531046776,-0.142171973,-0.261799964,-1.470452985,-0.569569998,0.365700583,0.976602212,-0.327881061,0.008856571,-0.125597216,0.382557357,0.455777026,0.865431353,0.834506196,0.301810485,0.438924075,-0.284605500,0.053118195,-0.084200984,-0.959212641,-1.096954794,1.050489155,1.197105102,0.969508880,-0.214894921,-0.425259892
0.090357866,-3.886697083,0.809677734,0.570135720,0.147514271,-0.266951237,0.762838016,0.034804489,0.398375591,0.013506726,0.709484719,-0.179257933,-0.261799964,-1.380176981,-0.755203583,0.449264452,0.646896479,-0.117226409,-0.020307868,0.061622610,0.375030416,0.402791274,0.921964243,0.880482130,0.255687105,0.330289528,-0.442175780,0.024989785,-0.043143584,-0.215436584,-1.267521982,1.120033108,1.154254232,1.153600327,0.034911687,-0.007504411
0.087008696,-3.977591248,0.865551910,0.657801670,0.099268367,-0.234384605,0.708877008,-0.035531317,0.460856982,0.054838948,1.076360432,-0.257604035,-0.261799964,-1.285227021,-0.972244910,0.427830273,0.290397376,0.233760464,0.051693122,0.116289934,0.385003646,0.431312554,0.745717195,0.834224220,0.009884602,0.387044564,-0.735630746,-0.015282386,0.072474001,0.336071595,-1.269258846,0.802841158,0.841734878,1.290581796,0.042932272,-0.031832261
0.070479169,-4.067507324,0.909416885,0.718597465,0.095048352,-0.213837502,0.654871756,-0.230367561,0.503897167,-0.131593455,1.441928632,-0.354216334,-0.261799964,-1.342991240,-0.872262415,0.517627428,0.534776196,0.199778799,0.083477183,0.154364494,0.379973293,0.519999942,0.573403020,0.669527325,-0.075898185,0.527628863,-0.983682821,0.003240259,0.067628576,0.373108197,-1.074001742,0.608001205,0.538749438,1.386567050,-0.014972930,0.097906573
0.048089709,-4.159321289,0.945904236,0.777033112,0.097445222,-0.164362273,0.599757463,-0.541809017,0.405755454,-0.430780019,1.704549809,-0.462508988,-0.261799964,-1.357538036,-0.739004240,0.479059142,0.840879126,0.121488765,0.090417899,0.176116375,0.368718118,0.519999942,0.316368398,0.567938603,-0.303438685,0.783868784,-1.054791130,0.095015567,-0.101464891,0.201993272,-0.870926802,0.680474083,0.383432116,1.639846963,0.001138552,0.509627659
0.027101381,-4.251287842,0.965231323,0.839984858,0.075693051,-0.109967347,0.525930777,-0.875882664,0.351449097,-0.556967516,1.861456479,-0.505589823,-0.261799964,-1.356094125,-0.586935343,0.430362310,1.190027967,0.017280582,0.101687322,0.149689629,0.328936654,0.519999942,0.090096421,0.492330905,-0.577139107,0.829474534,-1.020375192,0.091259381,-0.158200902,0.165009746,-0.763576416,0.658741609,0.335047942,1.473970870,-0.091963580,0.479649360
0.014112879,-4.338346863,0.972683411,0.912922793,0.030352402,-0.056938558,0.402999636,-1.138542848,0.256532647,-0.464046867,1.946047439,-0.519298406,-0.224078407,-1.347181951,-0.523970985,0.352321727,1.421088965,-0.076722609,0.155946966,0.083073414,0.237512660,0.519999942,-0.020418843,0.406114363,-0.711446643,0.605707790,-1.142090230,-0.017391822,-0.280767626,0.224940320,-0.745439164,0.643459786,0.239694287,1.384506864,-0.111640363,0.306812232
0.008722302,-4.421770935,0.974345779,0.966329519,-0.007231266,-0.028287059,0.255645872,-1.265645404,0.180681301,-0.356204422,2.015786974,-0.540822104,-0.239646849,-1.301281624,-0.484031917,0.250167117,1.599522875,-0.151720180,0.213683976,0.062092587,0.191434851,0.519999942,-0.053531198,0.350382090,-0.684517557,0.622879491,-1.055071325,-0.046161845,-0.358891757,0.279284341,-0.740798665,0.633609898,0.214232499,1.338132244,-0.125762422,0.231981816
0.007760624,-4.500589905,0.965611343,0.994886575,-0.029095182,-0.007860425,0.096397029,-1.341794817,0.136539329,-0.354171462,2.090369064,-0.546210685,-0.213638004,-1.243937348,-0.407359376,0.206242207,1.768845120,-0.234854524,0.261799964,0.111355863,0.194090753,0.519999942,-0.080353161,0.391770235,-0.814264164,0.584039754,-1.115173867,-0.053837953,-0.366108816,0.277279027,-0.734407148,0.640177345,0.236221134,1.329909649,-0.133257215,0.215566838
0.009501073,-4.578200378,0.952957458,-0.994119416,0.068859056,-0.018802345,0.081433953,-1.415055187,0.169958993,-0.346598897,2.117736263,-0.534472735,-0.150173295,-1.237662191,-0.419943985,0.235964204,1.973239931,-0.328491996,0.261799964,0.131756150,0.179319316,0.519999942,-0.105198192,0.475444531,-0.890813869,0.485667081,-1.091700236,-0.081269939,-0.344952005,0.281453017,-0.750136648,0.674532162,0.253743664,1.370928481,-0.160399371,0.213486527
0.012292116,-4.657225952,0.934253006,-0.958764215,0.102216812,-0.029725074,0.263513421,-1.439455065,0.292846055,-0.357030434,2.072215633,-0.537199481,-0.024615550,-1.206358314,-0.424797432,0.282208326,2.156557622,-0.423777741,0.261799964,0.137341058,0.144951410,0.519999942,-0.150593640,0.547001721,-0.920883710,0.446383141,-1.041479416,-0.048447872,-0.330881352,0.307830195,-0.766189646,0.689553233,0.266505310,1.397653836,-0.170269976,0.240783861
0.016394805,-4.733324890,0.907706299,-0.893535596,0.122103152,-0.044361438,0.429787181,-1.468094347,0.583764464,-0.294304103,1.912730064,-0.559339453,0.181976074,-1.163251719,-0.368273129,0.270882954,2.248580630,-0.487766346,0.261799964,0.133108712,0.077023113,0.519999942,-0.223947804,0.618591340,-0.975664970,0.503196802,-1.046355430,-0.015760951,-0.390088889,0.319637924,-0.772470440,0.715443098,0.272740403,1.451821420,-0.184306629,0.172730087
0.022314293,-4.808746948,0.878126678,-0.804668264,0.146170068,-0.056001672,0.572719049,-1.410113985,0.827379441,-0.128517414,1.608658278,-0.602671563,0.261799964,-1.122604955,-0.296637207,0.209768348,2.221522703,-0.495659353,0.261799964,0.100055258,-0.027471564,0.519999942,-0.317314681,0.722014856,-1.042481148,0.628171225,-0.753351126,-0.033324568,-0.489025810,0.413101056,-0.777014073,0.713252134,0.193714705,1.509725249,-0.250024681,0.032043121
0.028853846,-4.886878052,0.844350662,-0.702814048,0.182806970,-0.054437701,0.685325151,-1.266788594,0.829160165,0.035128971,1.183459246,-0.543492684,0.261799964,-1.066869925,-0.230112298,0.123053392,2.039378310,-0.447417824,0.261799964,0.031632436,-0.143074482,0.519999942,-0.424601187,0.866599956,-1.088116970,0.724098709,-0.169832474,-0.074665116,-0.510429481,0.592518459,-0.769067397,0.645236060,0.026145634,1.356795922,-0.256034478,-0.106733488
0.036643050,-4.971459351,0.801089706,-0.596854155,0.221178608,-0.038159941,0.770317441,-1.112271803,0.704967806,0.092258645,0.689652891,-0.392048248,0.261799964,-0.992396953,-0.200685864,0.055013851,1.721534567,-0.356693149,0.261799964,-0.057278357,-0.244680919,0.519999942,-0.528311775,1.034121544,-1.118614609,0.776550915,0.192708575,-0.081791853,-0.461888907,0.767558979,-0.741287585,0.582247912,-0.171628017,1.131696096,-0.231282253,-0.210823225
0.043222580,-5.060051880,0.744749832,-0.506679004,0.249370727,-0.011285922,0.825204978,-1.102062500,0.606512841,-0.067047003,0.496200440,-0.269229342,0.226019335,-0.881035016,-0.194447961,0.001679664,1.315080633,-0.213402394,0.261799964,-0.135011306,-0.282254490,0.519999942,-0.619477391,1.184936667,-1.062993217,0.783724428,0.282750320,-0.050375644,-0.454765049,0.817215690,-0.691122930,0.528507619,-0.288292910,1.011812659,-0.217457204,-0.285094228
0.040091720,-5.149816284,0.682998657,-0.430083335,0.250912130,0.039613333,0.866315307,-1.275736199,0.426601963,-0.140291014,0.998449057,-0.692262630,0.261799964,-0.717748154,-0.214420139,-0.056541158,0.923395239,-0.063993256,0.261799964,-0.209244103,-0.291178323,0.519999942,-0.713084757,1.295422990,-1.043142890,0.733131486,0.356426567,-0.042013897,-0.439238059,0.684210501,-0.675286737,0.496287514,-0.271205979,0.957123325,-0.214980966,-0.323554373
0.030541599,-5.225617065,0.646775208,-0.278494576,0.271948704,0.103648025,0.915282339,-1.363237583,0.197266484,0.071996795,1.289715065,-0.662902876,0.261799964,-0.654710789,-0.273464139,0.217989774,0.642485613,0.020499580,0.261799964,-0.320676290,-0.434038497,0.519999942,-0.982035265,1.362307497,-1.164519631,0.704995906,0.247065423,-0.044255026,-0.411389952,0.389226714,-0.642287622,0.482020146,-0.111906962,0.926256287,-0.269419949,-0.404382665
0.027793701,-5.288786621,0.608376160,-0.226156010,0.251935749,0.102682530,0.935327823,-1.445003292,0.224510306,0.100701037,1.525779224,-0.742012245,0.261799964,-0.604621672,-0.319437839,-0.163684901,0.678297011,-0.191393940,0.143827941,-0.243955194,-0.390054000,0.519999942,-1.025483805,1.335048422,-1.028356722,0.669925557,0.279291200,-0.014954385,-0.270946728,-0.052177697,-0.680902980,0.674972752,0.239759143,0.972842563,-0.312477553,-0.458887953
0.018516909,-5.347784424,0.582452545,-0.159937197,0.201008968,0.076750775,0.963392343,-1.405673170,0.312697378,0.159914396,1.681127665,-0.787310974,0.261799964,-0.605193442,-0.434978199,-0.108647025,0.898797615,-0.506842166,0.261799964,-0.157648584,-0.389592832,0.519999942,-0.839197763,1.244002274,-0.661380303,0.647260467,0.230206188,0.005841792,-0.189487168,-0.433784028,-0.725788956,1.007536218,0.643369901,0.926835457,-0.311591711,-0.317000452
0.010705867,-5.393441772,0.573926582,-0.115098382,0.190828315,0.061640174,0.972901540,-1.418689748,0.365125410,0.186854321,1.723713524,-0.747419450,0.261799964,-0.799743286,-0.447289839,0.079846314,1.180984718,-0.537315580,0.261799964,-0.099304965,-0.309360622,0.519999942,-0.726404220,1.141193131,-0.428510515,0.623299610,-0.014917163,-0.008379591,-0.134361495,-0.560111238,-0.750467615,0.980861531,0.829392783,0.852428057,-0.307545811,-0.361436465
0.012670659,-5.433652954,0.580086784,-0.117673910,0.171704245,0.046850722,0.976972627,-1.426521826,0.445931868,0.089976435,1.735855081,-0.702408805,0.184766820,-0.740086013,-0.388988826,0.013029836,1.165044277,-0.627551109,0.261799964,-0.016615817,-0.164397973,0.519999942,-0.619689361,1.041793401,-0.330397931,0.618088929,-0.045349239,-0.013706332,-0.042459654,-0.521625611,-0.762067998,0.811212176,0.851140353,0.890386961,-0.346962257,-0.394441618
0.020491605,-5.471029053,0.594621201,-0.094364283,0.157944961,0.055123044,0.981381792,-1.363497463,0.453828820,0.068461653,1.677986595,-0.641477615,0.111888346,-0.688200777,-0.388299334,-0.013044558,1.174394355,-0.680428338,0.261799964,-0.008408844,-0.111388257,0.519999942,-0.498834910,0.969837455,-0.268483423,0.614560170,-0.002102712,0.002062929,0.010478618,-0.350753025,-0.743984869,0.673525089,0.738882800,0.784802133,-0.341646979,-0.478621449
0.028301184,-5.501113281,0.618319206,-0.082906722,0.170451207,0.061058196,0.979971815,-1.336242052,0.450153226,0.053771428,1.563601661,-0.561148889,0.079263552,-0.717250386,-0.368660295,-0.027068978,1.200329179,-0.622965309,0.261799964,-0.024367428,-0.074113661,0.519999942,-0.348217062,0.932347905,-0.156094133,0.551691194,-0.037123055,0.004298012,-0.006417106,-0.155530985,-0.702337700,0.579098919,0.591184679,0.770995008,-0.324618936,-0.479356110
0.041060157,-5.528556519,0.649689636,-0.078105413,0.152178498,0.058514080,0.983522929,-1.216177537,0.473238871,0.032022203,1.433072221,-0.488589460,0.023812876,-0.694388633,-0.315500551,-0.022360518,1.241937549,-0.490762692,0.261799964,-0.042914417,-0.056530750,0.519999942,-0.173212130,0.884848194,-0.074599462,0.530776599,-0.032914971,-0.001376035,-0.004119227,0.013755271,-0.616004884,0.560328881,0.555695206,0.729768062,-0.286568176,-0.457293648
0.055565619,-5.554894409,0.681950912,-0.077379500,0.122840661,0.052518668,0.988010311,-1.065042932,0.513070129,0.019034311,1.296792899,-0.408209927,-0.029870760,-0.671600829,-0.247397420,-0.004148104,1.293333133,-0.324809753,0.261799964,-0.068181123,-0.047319943,0.519999942,-0.019708012,0.825761520,-0.034687450,0.551531723,0.024360801,0.006497500,0.021598778,0.127475925,-0.511611086,0.550128129,0.605759277,0.725308519,-0.260132529,-0.440065468
0.071415401,-5.580415039,0.710315933,-0.070235269,0.098753765,0.044433791,0.991635184,-0.905606738,0.554619734,0.058114947,1.156570703,-0.330945807,-0.057611427,-0.615137874,-0.235005966,-0.023963062,1.269199941,-0.277447626,0.261799964,-0.096484541,-0.051282025,0.519999942,0.116292911,0.768130295,-0.018384483,0.564249763,0.016605303,0.013070715,0.025897047,0.213146694,-0.439007990,0.524967288,0.652229315,0.696829546,-0.260378498,-0.435521049
0.089278603,-5.603347168,0.731962204,-0.032508031,0.082978689,0.032389284,0.995494199,-0.715749717,0.539482668,0.176840285,1.014513713,-0.257974342,-0.067702477,-0.539832746,-0.465926587,-0.182115997,1.183134265,-0.349478150,0.261799964,-0.130660846,-0.107330244,0.432472727,0.228334078,0.713353206,-0.055193498,0.618830624,-0.010538693,0.021380927,-0.013310608,0.306972349,-0.400556798,0.488994307,0.720392328,0.634463573,-0.239623252,-0.385418458
0.107635612,-5.627124023,0.748214188,-0.004267704,0.063717936,0.006155295,0.997939840,-0.547170023,0.540047317,0.270513485,0.913982765,-0.185897881,-0.072886334,-0.419044303,-0.633124993,-0.403454621,1.030340934,-0.316502108,0.202034061,-0.135679252,-0.145133849,0.353805903,0.327593449,0.662258203,-0.084650825,0.654547862,0.007030469,0.029141091,-0.043079548,0.372354389,-0.397430722,0.429926274,0.789814283,0.572226040,-0.214876909,-0.312220676
0.125807285,-5.652908325,0.758242874,0.008016761,0.036807905,-0.042303860,0.998394358,-0.391424328,0.596530675,0.360872950,0.898375857,-0.154625927,-0.022671858,-0.331860901,-0.582539452,-0.428666809,0.830406784,-0.168491800,0.246741280,-0.098666191,-0.158255566,0.302345079,0.425866219,0.608192162,-0.079435146,0.662462407,0.046195783,0.034730035,-0.062121253,0.405754389,-0.432957317,0.361747517,0.840576748,0.491844308,-0.189316405,-0.271254046
0.141343327,-5.680110474,0.760996170,0.015931062,0.010070966,-0.088172664,0.995926884,-0.297714703,0.628083313,0.374184751,0.961864337,-0.207240727,0.136751182,-0.240364545,-0.536928728,-0.449303373,0.753175109,-0.237972991,0.246737022,-0.066224602,-0.162338257,0.268974227,0.511689923,0.561548517,-0.067305263,0.638617247,0.061889995,0.053413917,-0.068696980,0.412391160,-0.501177892,0.304404481,0.858088282,0.457068709,-0.179807249,-0.286226300
0.151583700,-5.702899170,0.758681564,0.027673541,-0.004776531,-0.129464850,0.991186265,-0.269537375,0.534961323,0.265545859,0.994892861,-0.342902796,0.154315241,-0.238026904,-0.502967727,-0.358559691,0.757212143,-0.293585638,0.251252136,-0.043777170,-0.164661291,0.240941045,0.557011097,0.523173142,-0.077305362,0.616986387,0.043397839,0.064966303,-0.064560642,0.381099519,-0.590996323,0.261446168,0.856436782,0.489384039,-0.184786159,-0.322025307
0.159478779,-5.720890503,0.757399979,0.032332771,-0.012289367,-0.171652587,0.984550127,-0.275256522,0.399991416,0.142107081,0.989816955,-0.407038340,0.083736477,-0.248271463,-0.461875852,-0.291863941,0.764020673,-0.331013020,0.238421488,-0.024031845,-0.146740285,0.229902885,0.551039889,0.478429497,-0.109884115,0.639113654,0.013959188,0.067409555,-0.041345531,0.291391131,-0.690719183,0.265380001,0.880873695,0.514847799,-0.195946614,-0.344429383
0.166401825,-5.736462402,0.760131989,0.031591778,-0.011843763,-0.218270388,0.975304938,-0.282149997,0.287117361,0.079136579,0.914637438,-0.413462513,-0.039204999,-0.262334035,-0.399084351,-0.220463167,0.739277070,-0.331163188,0.236637918,-0.005999769,-0.116206718,0.225881873,0.507743088,0.426290596,-0.164770269,0.710231109,-0.005333684,0.070871992,-0.003458933,0.142613070,-0.780385368,0.321043298,0.936593872,0.505009082,-0.177109136,-0.327208743
0.173178959,-5.750912476,0.765842285,0.036100434,-0.015001910,-0.269183827,0.962295053,-0.287453790,0.179779507,0.045273282,0.801672538,-0.402191578,-0.083782698,-0.270821309,-0.346311581,-0.135159561,0.708287126,-0.319873578,0.227974296,0.018539776,-0.104926674,0.237385670,0.451670616,0.378745279,-0.220717915,0.779805989,0.013200957,0.085969124,0.008198969,-0.019745404,-0.833247307,0.384237586,0.964783244,0.521540683,-0.152524725,-0.302455786
0.179706059,-5.764165039,0.772828369,0.041509075,-0.017875733,-0.319420705,0.946534663,-0.294003261,0.099008811,0.031418902,0.653138457,-0.358798679,-0.115232809,-0.269397906,-0.296570413,-0.048664338,0.663509011,-0.304388354,0.211243291,0.045751101,-0.104108593,0.251563145,0.396171449,0.348916206,-0.272222459,0.817024873,0.058962493,0.096477700,-0.009744505,-0.164224487,-0.850313940,0.447438367,0.938628595,0.549705306,-0.142937422,-0.295288434
0.187693214,-5.777715454,0.778691788,0.044665234,-0.019205962,-0.366417540,0.929179387,-0.294665788,0.030071323,-0.023342749,0.471967224,-0.271206372,-0.161661680,-0.251107710,-0.251193092,0.026343466,0.603651269,-0.292158692,0.200880503,0.070908207,-0.105075104,0.257063646,0.352180722,0.337986692,-0.320023572,0.818705259,0.072014039,0.095435185,-0.013378782,-0.272674604,-0.834827284,0.489538536,0.869769771,0.521313878,-0.147235539,-0.289111871
0.196522617,-5.790946045,0.781723099,0.040399997,-0.020511390,-0.417079852,0.907739787,-0.273982030,-0.007547583,-0.139821189,0.281116465,-0.163701307,-0.221692786,-0.220417684,-0.195169314,0.107189471,0.538099722,-0.286471903,0.193815969,0.101875584,-0.100028614,0.260620872,0.326988832,0.338155047,-0.340323828,0.797670271,0.060937104,0.085011131,0.001918143,-0.359221642,-0.802817597,0.546292472,0.768750951,0.449654306,-0.154373639,-0.287938713
0.206175976,-5.805432129,0.782033539,0.032251958,-0.021645658,-0.473858155,0.879744125,-0.243411245,-0.001099106,-0.243003955,0.136991549,-0.086322147,-0.257171560,-0.181467118,-0.136970316,0.197636363,0.469522524,-0.287581950,0.198224600,0.143502298,-0.090020051,0.259007594,0.312660708,0.343520817,-0.343137525,0.779014901,0.032454806,0.069393638,0.023225643,-0.420838676,-0.761044293,0.608583971,0.655325982,0.328817431,-0.155714297,-0.289689313
0.216967735,-5.819505005,0.779005203,0.023474201,-0.025126846,-0.533124313,0.845337844,-0.234094625,0.017748515,-0.253587526,0.123578430,-0.061004054,-0.261799964,-0.144980417,-0.088517235,0.303505950,0.423402739,-0.307063629,0.211089335,0.186813673,-0.082659677,0.255837779,0.309623608,0.354209179,-0.336155824,0.761173657,0.020877360,0.064153453,0.034472017,-0.472738031,-0.710275789,0.680483280,0.564993797,0.183668991,-0.149345189,-0.295819101
0.226858425,-5.834004517,0.775596466,0.015587638,-0.026041377,-0.580266848,0.813860711,-0.220655816,0.046841757,-0.248063751,0.133190845,-0.029412475,-0.261799964,-0.120578787,-0.049987617,0.391389875,0.403822641,-0.321829464,0.232584618,0.204958412,-0.080827926,0.245651061,0.306489137,0.370686553,-0.318594967,0.759881973,0.052767656,0.067711246,0.039968900,-0.506643024,-0.650092595,0.748504120,0.498735129,0.071139376,-0.131414426,-0.304449074
0.238513355,-5.848403320,0.772014313,0.005431988,-0.026102670,-0.618391101,0.785418099,-0.236443716,0.064604951,-0.229865273,0.243333385,-0.061782083,-0.261799964,-0.098983231,-0.014595436,0.469609947,0.405836088,-0.336323551,0.258406154,0.201051056,-0.073745868,0.233050953,0.312647636,0.387307184,-0.305330657,0.762615613,0.037364480,0.048152861,0.052810356,-0.520027012,-0.586297512,0.809933129,0.463130622,-0.001760275,-0.122129816,-0.306012295
0.250522232,-5.862820435,0.769041367,-0.000007393,-0.027969162,-0.646711987,0.762221315,-0.252579040,0.066923699,-0.209568909,0.362833095,-0.099366045,-0.238604189,-0.081569411,0.003621034,0.531256303,0.423363609,-0.358536705,0.261799964,0.182737543,-0.073212770,0.216978722,0.309214137,0.402992772,-0.313744226,0.791230007,0.010518681,0.035416698,0.067893954,-0.508606938,-0.526250926,0.858159020,0.467325346,-0.038783911,-0.119824555,-0.304425704
0.263056965,-5.876424561,0.766244507,-0.007097056,-0.031089572,-0.666994950,0.744379477,-0.245958832,0.076772868,-0.150417083,0.460228593,-0.167670971,-0.169260547,-0.070005942,0.023654810,0.579678229,0.471908878,-0.382938328,0.261799964,0.148594191,-0.078046400,0.208926680,0.313470070,0.420987186,-0.316908159,0.812711816,0.002334871,0.026597512,0.057789723,-0.479171629,-0.473712780,0.895863089,0.494575381,-0.041602467,-0.113280141,-0.303097124
0.274875126,-5.888776245,0.764769821,-0.014764845,-0.034645034,-0.681653642,0.730705162,-0.231236631,0.080226813,-0.115183475,0.532717074,-0.220295755,-0.130378704,-0.065887275,0.043759797,0.605276991,0.540494994,-0.397956764,0.261799964,0.108896031,-0.081301468,0.206297377,0.309375859,0.442616720,-0.343380196,0.823860403,-0.023981794,0.037819014,0.051526273,-0.436398094,-0.429599374,0.910556283,0.547324083,-0.033191361,-0.106147492,-0.278171100
0.284499378,-5.898937988,0.765007172,-0.022636486,-0.033533166,-0.693293797,0.719518469,-0.212355065,0.095196925,-0.094342249,0.567510108,-0.248109339,-0.134492239,-0.075259383,0.056186145,0.570380860,0.600849841,-0.391437558,0.261799964,0.074589316,-0.079886294,0.204272725,0.295836677,0.469427683,-0.383743396,0.834581961,-0.059893382,0.032133449,0.047316288,-0.382826540,-0.393976959,0.903813692,0.625515532,-0.007350679,-0.102866041,-0.258760970
0.292339172,-5.908695679,0.765816803,-0.031922969,-0.031784955,-0.703677457,0.709090035,-0.180172800,0.115838211,-0.071301168,0.576974784,-0.275808727,-0.137798108,-0.071038082,0.034849726,0.449347355,0.605609965,-0.377896525,0.261799964,0.047639608,-0.073727460,0.204019661,0.280994222,0.500457804,-0.432865949,0.835656490,-0.073504349,0.031456518,0.041317209,-0.319927544,-0.366235876,0.883582184,0.719875187,0.004633833,-0.089624725,-0.249612574
0.300674324,-5.916957397,0.767267685,-0.034231497,-0.027377317,-0.714579535,0.698179616,-0.151677577,0.128868113,-0.038278942,0.560061374,-0.298243189,-0.130514418,-0.101903604,-0.000475133,0.354724138,0.635319849,-0.383791567,0.261799964,0.025665541,-0.070274904,0.192697300,0.264473930,0.527353677,-0.470501200,0.843079236,-0.056211554,0.029944727,0.033014650,-0.255092899,-0.348215875,0.854330815,0.809375409,0.031347183,-0.068803433,-0.235972931
0.308171368,-5.924575195,0.768024368,-0.034519493,-0.024968423,-0.721844781,0.690742422,-0.121129498,0.131526250,-0.013146207,0.532250373,-0.319940215,-0.129121308,-0.126205195,-0.045786189,0.305337813,0.646305894,-0.406298338,0.261799964,0.003453309,-0.070950980,0.181751424,0.251310011,0.547287065,-0.481583046,0.845879756,-0.047546643,0.032743747,0.028210834,-0.191583012,-0.342073381,0.827305090,0.889861128,0.147550816,-0.072836998,-0.207563718
0.314224892,-5.931748657,0.768367081,-0.033567610,-0.025318952,-0.726386949,0.685998664,-0.091125532,0.125790679,0.006148775,0.501808567,-0.328684244,-0.131572600,-0.137628200,-0.100539308,0.277401130,0.630985394,-0.404283460,0.261799964,-0.015694376,-0.075841450,0.175252402,0.233651756,0.562994121,-0.485259826,0.852945844,-0.064477880,0.031199483,0.033744602,-0.130428989,-0.344976771,0.794421411,0.956752076,0.232927488,-0.062728842,-0.191166210
0.318996391,-5.939060669,0.768628693,-0.029533813,-0.027970797,-0.730192922,0.682029094,-0.069352148,0.111207341,0.025196489,0.481560740,-0.329838396,-0.130222209,-0.141528470,-0.157183881,0.270253047,0.592738423,-0.377205742,0.261799964,-0.028474242,-0.086914011,0.166836931,0.213470348,0.573497093,-0.484758341,0.865669870,-0.084617966,0.027219794,0.037619787,-0.072959144,-0.354105611,0.766327736,1.011829100,0.280250485,-0.049244453,-0.181404880
0.322123032,-5.946405640,0.768862991,-0.024967243,-0.027757306,-0.732059264,0.680217173,-0.056309554,0.100343429,0.035763577,0.465010237,-0.332437575,-0.125935428,-0.138905322,-0.200599863,0.273011383,0.534173464,-0.332134167,0.261799964,-0.041471763,-0.094085736,0.152509697,0.193883548,0.578630578,-0.481789413,0.883689906,-0.092580449,0.026054315,0.040013500,-0.018490207,-0.366023993,0.747187496,1.056393918,0.300146942,-0.039065932,-0.176043403
0.323376923,-5.953746948,0.768884125,-0.022890285,-0.023887767,-0.730787581,0.681802699,-0.054232075,0.099984497,0.032845842,0.462648545,-0.340894603,-0.124686505,-0.115505349,-0.230312828,0.258684359,0.447122549,-0.283808077,0.261799964,-0.059188805,-0.092583247,0.136637202,0.176819254,0.580529636,-0.481345332,0.901751131,-0.096261977,0.027342150,0.042687539,0.033220464,-0.376363446,0.719829634,1.088373481,0.305459951,-0.028825162,-0.160449689
0.323585205,-5.960400391,0.768922806,-0.017956500,-0.021367899,-0.729245855,0.683682280,-0.053560676,0.094210613,0.031069789,0.454691850,-0.342817467,-0.122932615,-0.103809927,-0.255199355,0.262598958,0.387217229,-0.259223299,0.261799964,-0.070843621,-0.095862384,0.119709765,0.161388152,0.577696303,-0.477044980,0.918346961,-0.100496830,0.028293896,0.043514092,0.079882441,-0.384481269,0.688399745,1.102644044,0.300839471,-0.014862482,-0.149250330
0.322115135,-5.966832275,0.769103088,-0.014676555,-0.018215743,-0.727706108,0.685490047,-0.050636513,0.094880217,0.028437159,0.445311194,-0.344840181,-0.125828245,-0.090925572,-0.261516906,0.269093084,0.347358604,-0.197525474,0.261799964,-0.080624699,-0.096621829,0.105417861,0.152682991,0.571060736,-0.468408498,0.929360861,-0.111152358,0.026770300,0.045662609,0.116237277,-0.388074867,0.658332364,1.111102782,0.301169426,-0.008138287,-0.138798064
0.319221344,-5.972734985,0.768992844,-0.010950805,-0.015963034,-0.727345370,0.685998524,-0.046325833,0.096649667,0.029413222,0.434886011,-0.346202254,-0.128579174,-0.074666082,-0.266155730,0.253644511,0.311725910,-0.162411142,0.261799964,-0.081191739,-0.099129996,0.093343655,0.146722500,0.560055388,-0.452532093,0.938683730,-0.117419040,0.023995432,0.042794834,0.142844675,-0.388178155,0.635639035,1.109099667,0.301501160,-0.001812987,-0.136828211
0.315393181,-5.978508301,0.768418045,-0.003669854,-0.017655934,-0.727701729,0.685656615,-0.036367666,0.087835639,0.036029237,0.414161745,-0.341271768,-0.132149035,-0.064785039,-0.285444096,0.216543367,0.292212396,-0.173912740,0.261799964,-0.079123699,-0.112712742,0.080030520,0.145592137,0.547566632,-0.435074995,0.948163852,-0.120962103,0.022069455,0.038349498,0.157641053,-0.385608542,0.628984548,1.103053952,0.299889541,0.002590846,-0.135718876
0.311326237,-5.984144897,0.768395233,-0.000128428,-0.020131670,-0.729480676,0.683705084,-0.012926798,0.084775499,0.044928486,0.382602998,-0.332835388,-0.137380311,-0.049772968,-0.299537211,0.176608209,0.272170710,-0.185098415,0.261799964,-0.070993233,-0.120534871,0.074993360,0.144495111,0.532705589,-0.421087560,0.960066910,-0.119081151,0.021787790,0.036911029,0.160585441,-0.382887294,0.639241744,1.096345150,0.338760589,-0.006593511,-0.120655623
0.306426086,-5.989730225,0.768304367,0.003261613,-0.023048564,-0.733180005,0.679636083,0.013828384,0.083089122,0.060142154,0.349380306,-0.323935291,-0.141887781,-0.026940230,-0.305924331,0.169394772,0.234343910,-0.186206158,0.261799964,-0.055604295,-0.128305576,0.071303594,0.143972123,0.514826157,-0.403690153,0.975739688,-0.103176844,0.022876760,0.036339469,0.150358981,-0.382541056,0.673412847,1.081138533,0.341432269,-0.006688717,-0.117789484
0.301252632,-5.995198975,0.768258057,0.004929460,-0.025683081,-0.738039974,0.674250010,0.043591333,0.084720132,0.077221185,0.316299650,-0.315089247,-0.145751477,0.000474846,-0.307527014,0.174650752,0.188083417,-0.176609710,0.261799964,-0.036952247,-0.131506096,0.069839978,0.145214797,0.494311557,-0.386083551,0.993286111,-0.091423435,0.024600369,0.039953781,0.130085241,-0.385554716,0.723398448,1.061414776,0.345056253,-0.013648978,-0.111261785
0.296347923,-5.999652710,0.768309937,0.004629449,-0.024889601,-0.742554731,0.669306767,0.061604941,0.094869646,0.088835397,0.300384132,-0.314090395,-0.147495297,0.018501440,-0.298561223,0.181050430,0.154829415,-0.162737955,0.261799964,-0.021912474,-0.126214487,0.069600572,0.148432155,0.470246277,-0.360371535,1.010998672,-0.080520493,0.026514478,0.045065688,0.097761524,-0.392475749,0.786977512,1.034925618,0.337498052,-0.021189309,-0.109219319
0.291803741,-6.003129272,0.769370193,0.004384324,-0.022112505,-0.744002741,0.667796178,0.062490650,0.107137699,0.092836065,0.304111632,-0.311997012,-0.146397188,0.019125314,-0.286137847,0.182626680,0.154410204,-0.161860456,0.261799964,-0.016614000,-0.117158116,0.070499957,0.149772149,0.443869657,-0.334666500,1.027692764,-0.084666435,0.030056624,0.048265527,0.060332097,-0.400124515,0.833601854,1.011387409,0.225738826,-0.033680962,-0.129232520
0.287364540,-6.005908203,0.770754318,0.005232060,-0.019377050,-0.743049529,0.668935388,0.054053028,0.116396626,0.089804189,0.315884349,-0.307073962,-0.142982573,0.013034924,-0.276493446,0.178687228,0.167574437,-0.167524992,0.261799964,-0.017781470,-0.110337685,0.072274739,0.148453622,0.420965649,-0.322356379,1.040777602,-0.088771940,0.034774404,0.048899408,0.024498450,-0.405684750,0.867394360,0.983549338,0.252942243,-0.053745070,-0.127753686
0.282780418,-6.008282471,0.771921005,0.006355910,-0.016425556,-0.740689531,0.671616574,0.046778018,0.125232196,0.083649582,0.320353474,-0.301654732,-0.143509593,0.010508670,-0.267899174,0.169721559,0.174500288,-0.169721995,0.261799964,-0.018540818,-0.103212646,0.073399281,0.142909217,0.404765957,-0.332171482,1.050179167,-0.091108020,0.038816123,0.043187397,-0.002697801,-0.408465601,0.875618212,0.956630095,0.270725988,-0.063310009,-0.137489481
0.278662624,-6.010453491,0.772670670,0.007405943,-0.015293237,-0.738730466,0.673786737,0.048774779,0.130412094,0.080464234,0.311634123,-0.293461929,-0.147272296,0.010645740,-0.262816862,0.162529720,0.180372483,-0.174466254,0.261799964,-0.019122164,-0.098584172,0.076787340,0.138161684,0.393518828,-0.350590308,1.052613552,-0.076008640,0.043578201,0.032731386,-0.027607470,-0.408769532,0.873434211,0.938021936,0.288736695,-0.071793447,-0.145122242
0.274779434,-6.012837524,0.772884521,0.008243635,-0.014389326,-0.736057738,0.676715594,0.053903021,0.134710071,0.074888588,0.297890528,-0.286546778,-0.151217848,0.016293613,-0.259175634,0.152284096,0.179453375,-0.180347734,0.261799964,-0.017463342,-0.093304586,0.077664691,0.132202809,0.386532764,-0.379774500,1.052226892,-0.061654335,0.044680743,0.024393385,-0.045993087,-0.408006143,0.869943204,0.924630408,0.305554356,-0.071478902,-0.157756838
0.271144829,-6.014859009,0.772873383,0.009692424,-0.012986317,-0.732297056,0.680792504,0.053992378,0.138281407,0.065556790,0.287434958,-0.281309167,-0.155029569,0.021944335,-0.256621642,0.139071884,0.176140618,-0.186490455,0.261799964,-0.018572389,-0.089473250,0.077016097,0.126444200,0.382668674,-0.407746700,1.049184434,-0.055462040,0.043634244,0.023654355,-0.063609141,-0.407829638,0.875163239,0.917432321,0.315232625,-0.072812152,-0.167974589
